Workbook

Sheet 🌐 Landing Pages
A1: SolidPro — Landing Pages Tracker | FILE 2 of 2
A2: Asset ID format: CAMPID-LP-001 | Always link Creative ID + Lead Magnet ID before publishing | * = Mandatory
A3: S.No | B3: Campaign ID * | C3: Asset ID | D3: Vertical * | E3: Page Name / Title * | F3: Landing Page Type | G3: Page Goal | H3: Page URL / Slug | I3: CTA Text | J3: Form Fields Required | K3: SEO Title | L3: Meta Description | M3: Linked Creative ID | N3: Linked Lead Magnet ID | O3: Linked Email Seq ID | P3: Dev Owner (SS) * | Q3: Content Writer | R3: Brief Date | S3: Due Date * | T3: Pub / Go-Live Date * | U3: Priority | V3: Status | W3: Approved by Project Head | X3: Approved by Manager | Y3: A/B Test? | Z3: UTM Parameters | AA3: Conversion Goal | AB3: Final URL | AC3: Feedback / Notes | AD3: Archived?
A4: 1 | C4: =IF(B4="","",B4&"-LP-"&TEXT(1,"000"))
A5: 2 | C5: =IF(B5="","",B5&"-LP-"&TEXT(2,"000"))
A6: 3 | C6: =IF(B6="","",B6&"-LP-"&TEXT(3,"000"))
A7: 4 | C7: =IF(B7="","",B7&"-LP-"&TEXT(4,"000"))
A8: 5 | C8: =IF(B8="","",B8&"-LP-"&TEXT(5,"000"))
A9: 6 | C9: =IF(B9="","",B9&"-LP-"&TEXT(6,"000"))
A10: 7 | C10: =IF(B10="","",B10&"-LP-"&TEXT(7,"000"))
A11: 8 | C11: =IF(B11="","",B11&"-LP-"&TEXT(8,"000"))
A12: 9 | C12: =IF(B12="","",B12&"-LP-"&TEXT(9,"000"))
A13: 10 | C13: =IF(B13="","",B13&"-LP-"&TEXT(10,"000"))
A14: 11 | C14: =IF(B14="","",B14&"-LP-"&TEXT(11,"000"))
A15: 12 | C15: =IF(B15="","",B15&"-LP-"&TEXT(12,"000"))
A16: 13 | C16: =IF(B16="","",B16&"-LP-"&TEXT(13,"000"))
A17: 14 | C17: =IF(B17="","",B17&"-LP-"&TEXT(14,"000"))
A18: 15 | C18: =IF(B18="","",B18&"-LP-"&TEXT(15,"000"))
A19: 16 | C19: =IF(B19="","",B19&"-LP-"&TEXT(16,"000"))
A20: 17 | C20: =IF(B20="","",B20&"-LP-"&TEXT(17,"000"))
A21: 18 | C21: =IF(B21="","",B21&"-LP-"&TEXT(18,"000"))
A22: 19 | C22: =IF(B22="","",B22&"-LP-"&TEXT(19,"000"))
A23: 20 | C23: =IF(B23="","",B23&"-LP-"&TEXT(20,"000"))
A24: 21 | C24: =IF(B24="","",B24&"-LP-"&TEXT(21,"000"))
A25: 22 | C25: =IF(B25="","",B25&"-LP-"&TEXT(22,"000"))
A26: 23 | C26: =IF(B26="","",B26&"-LP-"&TEXT(23,"000"))
A27: 24 | C27: =IF(B27="","",B27&"-LP-"&TEXT(24,"000"))
A28: 25 | C28: =IF(B28="","",B28&"-LP-"&TEXT(25,"000"))
A29: 26 | C29: =IF(B29="","",B29&"-LP-"&TEXT(26,"000"))
A30: 27 | C30: =IF(B30="","",B30&"-LP-"&TEXT(27,"000"))
A31: 28 | C31: =IF(B31="","",B31&"-LP-"&TEXT(28,"000"))
A32: 29 | C32: =IF(B32="","",B32&"-LP-"&TEXT(29,"000"))
A33: 30 | C33: =IF(B33="","",B33&"-LP-"&TEXT(30,"000"))
A34: 31 | C34: =IF(B34="","",B34&"-LP-"&TEXT(31,"000"))
A35: 32 | C35: =IF(B35="","",B35&"-LP-"&TEXT(32,"000"))
A36: 33 | C36: =IF(B36="","",B36&"-LP-"&TEXT(33,"000"))
A37: 34 | C37: =IF(B37="","",B37&"-LP-"&TEXT(34,"000"))
A38: 35 | C38: =IF(B38="","",B38&"-LP-"&TEXT(35,"000"))
A39: 36 | C39: =IF(B39="","",B39&"-LP-"&TEXT(36,"000"))
A40: 37 | C40: =IF(B40="","",B40&"-LP-"&TEXT(37,"000"))
A41: 38 | C41: =IF(B41="","",B41&"-LP-"&TEXT(38,"000"))
A42: 39 | C42: =IF(B42="","",B42&"-LP-"&TEXT(39,"000"))
A43: 40 | C43: =IF(B43="","",B43&"-LP-"&TEXT(40,"000"))
A44: 41 | C44: =IF(B44="","",B44&"-LP-"&TEXT(41,"000"))
A45: 42 | C45: =IF(B45="","",B45&"-LP-"&TEXT(42,"000"))
A46: 43 | C46: =IF(B46="","",B46&"-LP-"&TEXT(43,"000"))
A47: 44 | C47: =IF(B47="","",B47&"-LP-"&TEXT(44,"000"))
A48: 45 | C48: =IF(B48="","",B48&"-LP-"&TEXT(45,"000"))
A49: 46 | C49: =IF(B49="","",B49&"-LP-"&TEXT(46,"000"))
A50: 47 | C50: =IF(B50="","",B50&"-LP-"&TEXT(47,"000"))
A51: 48 | C51: =IF(B51="","",B51&"-LP-"&TEXT(48,"000"))
A52: 49 | C52: =IF(B52="","",B52&"-LP-"&TEXT(49,"000"))
A53: 50 | C53: =IF(B53="","",B53&"-LP-"&TEXT(50,"000"))
A54: 51 | C54: =IF(B54="","",B54&"-LP-"&TEXT(51,"000"))
A55: 52 | C55: =IF(B55="","",B55&"-LP-"&TEXT(52,"000"))
A56: 53 | C56: =IF(B56="","",B56&"-LP-"&TEXT(53,"000"))
A57: 54 | C57: =IF(B57="","",B57&"-LP-"&TEXT(54,"000"))
A58: 55 | C58: =IF(B58="","",B58&"-LP-"&TEXT(55,"000"))
A59: 56 | C59: =IF(B59="","",B59&"-LP-"&TEXT(56,"000"))
A60: 57 | C60: =IF(B60="","",B60&"-LP-"&TEXT(57,"000"))
A61: 58 | C61: =IF(B61="","",B61&"-LP-"&TEXT(58,"000"))
A62: 59 | C62: =IF(B62="","",B62&"-LP-"&TEXT(59,"000"))
A63: 60 | C63: =IF(B63="","",B63&"-LP-"&TEXT(60,"000"))
A64: 61 | C64: =IF(B64="","",B64&"-LP-"&TEXT(61,"000"))
A65: 62 | C65: =IF(B65="","",B65&"-LP-"&TEXT(62,"000"))
A66: 63 | C66: =IF(B66="","",B66&"-LP-"&TEXT(63,"000"))
A67: 64 | C67: =IF(B67="","",B67&"-LP-"&TEXT(64,"000"))
A68: 65 | C68: =IF(B68="","",B68&"-LP-"&TEXT(65,"000"))
A69: 66 | C69: =IF(B69="","",B69&"-LP-"&TEXT(66,"000"))
A70: 67 | C70: =IF(B70="","",B70&"-LP-"&TEXT(67,"000"))
A71: 68 | C71: =IF(B71="","",B71&"-LP-"&TEXT(68,"000"))
A72: 69 | C72: =IF(B72="","",B72&"-LP-"&TEXT(69,"000"))
A73: 70 | C73: =IF(B73="","",B73&"-LP-"&TEXT(70,"000"))
A74: 71 | C74: =IF(B74="","",B74&"-LP-"&TEXT(71,"000"))
A75: 72 | C75: =IF(B75="","",B75&"-LP-"&TEXT(72,"000"))
A76: 73 | C76: =IF(B76="","",B76&"-LP-"&TEXT(73,"000"))
A77: 74 | C77: =IF(B77="","",B77&"-LP-"&TEXT(74,"000"))
A78: 75 | C78: =IF(B78="","",B78&"-LP-"&TEXT(75,"000"))
A79: 76 | C79: =IF(B79="","",B79&"-LP-"&TEXT(76,"000"))
A80: 77 | C80: =IF(B80="","",B80&"-LP-"&TEXT(77,"000"))
A81: 78 | C81: =IF(B81="","",B81&"-LP-"&TEXT(78,"000"))
A82: 79 | C82: =IF(B82="","",B82&"-LP-"&TEXT(79,"000"))
A83: 80 | C83: =IF(B83="","",B83&"-LP-"&TEXT(80,"000"))
A84: 81 | C84: =IF(B84="","",B84&"-LP-"&TEXT(81,"000"))
A85: 82 | C85: =IF(B85="","",B85&"-LP-"&TEXT(82,"000"))
A86: 83 | C86: =IF(B86="","",B86&"-LP-"&TEXT(83,"000"))
A87: 84 | C87: =IF(B87="","",B87&"-LP-"&TEXT(84,"000"))
A88: 85 | C88: =IF(B88="","",B88&"-LP-"&TEXT(85,"000"))
A89: 86 | C89: =IF(B89="","",B89&"-LP-"&TEXT(86,"000"))
A90: 87 | C90: =IF(B90="","",B90&"-LP-"&TEXT(87,"000"))
A91: 88 | C91: =IF(B91="","",B91&"-LP-"&TEXT(88,"000"))
A92: 89 | C92: =IF(B92="","",B92&"-LP-"&TEXT(89,"000"))
A93: 90 | C93: =IF(B93="","",B93&"-LP-"&TEXT(90,"000"))
A94: 91 | C94: =IF(B94="","",B94&"-LP-"&TEXT(91,"000"))
A95: 92 | C95: =IF(B95="","",B95&"-LP-"&TEXT(92,"000"))
A96: 93 | C96: =IF(B96="","",B96&"-LP-"&TEXT(93,"000"))
A97: 94 | C97: =IF(B97="","",B97&"-LP-"&TEXT(94,"000"))
A98: 95 | C98: =IF(B98="","",B98&"-LP-"&TEXT(95,"000"))
A99: 96 | C99: =IF(B99="","",B99&"-LP-"&TEXT(96,"000"))
A100: 97 | C100: =IF(B100="","",B100&"-LP-"&TEXT(97,"000"))
...

Sheet ✍ Content Writing
A1: SolidPro — Content Writing Tracker | FILE 2 of 2
A2: Asset ID format: CAMPID-CW-001 | One row per content piece | Link to Landing Page + Lead Magnet IDs | * = Mandatory
A3: S.No | B3: Campaign ID * | C3: Asset ID | D3: Vertical * | E3: Content Title * | F3: Content Format | G3: Topic / Angle | H3: Target Keyword(s) | I3: Word Count (Target) | J3: Audience Persona | K3: Funnel Stage | L3: Tone of Voice | M3: Linked LP ID | N3: Linked Lead Magnet ID | O3: References / Resources | P3: Content Writer * | Q3: Reviewer | R3: Brief Date | S3: Due Date * | T3: Pub / Go-Live Date * | U3: Draft Link | V3: Priority | W3: Status | X3: Approved by Project Head | Y3: Approved by Manager | Z3: SEO Optimised? | AA3: CMS Published? | AB3: Feedback / Notes | AC3: Archived?
A4: 1 | C4: =IF(B4="","",B4&"-CW-"&TEXT(1,"000"))
A5: 2 | C5: =IF(B5="","",B5&"-CW-"&TEXT(2,"000"))
A6: 3 | C6: =IF(B6="","",B6&"-CW-"&TEXT(3,"000"))
A7: 4 | C7: =IF(B7="","",B7&"-CW-"&TEXT(4,"000"))
A8: 5 | C8: =IF(B8="","",B8&"-CW-"&TEXT(5,"000"))
A9: 6 | C9: =IF(B9="","",B9&"-CW-"&TEXT(6,"000"))
A10: 7 | C10: =IF(B10="","",B10&"-CW-"&TEXT(7,"000"))
A11: 8 | C11: =IF(B11="","",B11&"-CW-"&TEXT(8,"000"))
A12: 9 | C12: =IF(B12="","",B12&"-CW-"&TEXT(9,"000"))
A13: 10 | C13: =IF(B13="","",B13&"-CW-"&TEXT(10,"000"))
A14: 11 | C14: =IF(B14="","",B14&"-CW-"&TEXT(11,"000"))
A15: 12 | C15: =IF(B15="","",B15&"-CW-"&TEXT(12,"000"))
A16: 13 | C16: =IF(B16="","",B16&"-CW-"&TEXT(13,"000"))
A17: 14 | C17: =IF(B17="","",B17&"-CW-"&TEXT(14,"000"))
A18: 15 | C18: =IF(B18="","",B18&"-CW-"&TEXT(15,"000"))
A19: 16 | C19: =IF(B19="","",B19&"-CW-"&TEXT(16,"000"))
A20: 17 | C20: =IF(B20="","",B20&"-CW-"&TEXT(17,"000"))
A21: 18 | C21: =IF(B21="","",B21&"-CW-"&TEXT(18,"000"))
A22: 19 | C22: =IF(B22="","",B22&"-CW-"&TEXT(19,"000"))
A23: 20 | C23: =IF(B23="","",B23&"-CW-"&TEXT(20,"000"))
A24: 21 | C24: =IF(B24="","",B24&"-CW-"&TEXT(21,"000"))
A25: 22 | C25: =IF(B25="","",B25&"-CW-"&TEXT(22,"000"))
A26: 23 | C26: =IF(B26="","",B26&"-CW-"&TEXT(23,"000"))
A27: 24 | C27: =IF(B27="","",B27&"-CW-"&TEXT(24,"000"))
A28: 25 | C28: =IF(B28="","",B28&"-CW-"&TEXT(25,"000"))
A29: 26 | C29: =IF(B29="","",B29&"-CW-"&TEXT(26,"000"))
A30: 27 | C30: =IF(B30="","",B30&"-CW-"&TEXT(27,"000"))
A31: 28 | C31: =IF(B31="","",B31&"-CW-"&TEXT(28,"000"))
A32: 29 | C32: =IF(B32="","",B32&"-CW-"&TEXT(29,"000"))
A33: 30 | C33: =IF(B33="","",B33&"-CW-"&TEXT(30,"000"))
A34: 31 | C34: =IF(B34="","",B34&"-CW-"&TEXT(31,"000"))
A35: 32 | C35: =IF(B35="","",B35&"-CW-"&TEXT(32,"000"))
A36: 33 | C36: =IF(B36="","",B36&"-CW-"&TEXT(33,"000"))
A37: 34 | C37: =IF(B37="","",B37&"-CW-"&TEXT(34,"000"))
A38: 35 | C38: =IF(B38="","",B38&"-CW-"&TEXT(35,"000"))
A39: 36 | C39: =IF(B39="","",B39&"-CW-"&TEXT(36,"000"))
A40: 37 | C40: =IF(B40="","",B40&"-CW-"&TEXT(37,"000"))
A41: 38 | C41: =IF(B41="","",B41&"-CW-"&TEXT(38,"000"))
A42: 39 | C42: =IF(B42="","",B42&"-CW-"&TEXT(39,"000"))
A43: 40 | C43: =IF(B43="","",B43&"-CW-"&TEXT(40,"000"))
A44: 41 | C44: =IF(B44="","",B44&"-CW-"&TEXT(41,"000"))
A45: 42 | C45: =IF(B45="","",B45&"-CW-"&TEXT(42,"000"))
A46: 43 | C46: =IF(B46="","",B46&"-CW-"&TEXT(43,"000"))
A47: 44 | C47: =IF(B47="","",B47&"-CW-"&TEXT(44,"000"))
A48: 45 | C48: =IF(B48="","",B48&"-CW-"&TEXT(45,"000"))
A49: 46 | C49: =IF(B49="","",B49&"-CW-"&TEXT(46,"000"))
A50: 47 | C50: =IF(B50="","",B50&"-CW-"&TEXT(47,"000"))
A51: 48 | C51: =IF(B51="","",B51&"-CW-"&TEXT(48,"000"))
A52: 49 | C52: =IF(B52="","",B52&"-CW-"&TEXT(49,"000"))
A53: 50 | C53: =IF(B53="","",B53&"-CW-"&TEXT(50,"000"))
A54: 51 | C54: =IF(B54="","",B54&"-CW-"&TEXT(51,"000"))
A55: 52 | C55: =IF(B55="","",B55&"-CW-"&TEXT(52,"000"))
A56: 53 | C56: =IF(B56="","",B56&"-CW-"&TEXT(53,"000"))
A57: 54 | C57: =IF(B57="","",B57&"-CW-"&TEXT(54,"000"))
A58: 55 | C58: =IF(B58="","",B58&"-CW-"&TEXT(55,"000"))
A59: 56 | C59: =IF(B59="","",B59&"-CW-"&TEXT(56,"000"))
A60: 57 | C60: =IF(B60="","",B60&"-CW-"&TEXT(57,"000"))
A61: 58 | C61: =IF(B61="","",B61&"-CW-"&TEXT(58,"000"))
A62: 59 | C62: =IF(B62="","",B62&"-CW-"&TEXT(59,"000"))
A63: 60 | C63: =IF(B63="","",B63&"-CW-"&TEXT(60,"000"))
A64: 61 | C64: =IF(B64="","",B64&"-CW-"&TEXT(61,"000"))
A65: 62 | C65: =IF(B65="","",B65&"-CW-"&TEXT(62,"000"))
A66: 63 | C66: =IF(B66="","",B66&"-CW-"&TEXT(63,"000"))
A67: 64 | C67: =IF(B67="","",B67&"-CW-"&TEXT(64,"000"))
A68: 65 | C68: =IF(B68="","",B68&"-CW-"&TEXT(65,"000"))
A69: 66 | C69: =IF(B69="","",B69&"-CW-"&TEXT(66,"000"))
A70: 67 | C70: =IF(B70="","",B70&"-CW-"&TEXT(67,"000"))
A71: 68 | C71: =IF(B71="","",B71&"-CW-"&TEXT(68,"000"))
A72: 69 | C72: =IF(B72="","",B72&"-CW-"&TEXT(69,"000"))
A73: 70 | C73: =IF(B73="","",B73&"-CW-"&TEXT(70,"000"))
A74: 71 | C74: =IF(B74="","",B74&"-CW-"&TEXT(71,"000"))
A75: 72 | C75: =IF(B75="","",B75&"-CW-"&TEXT(72,"000"))
A76: 73 | C76: =IF(B76="","",B76&"-CW-"&TEXT(73,"000"))
A77: 74 | C77: =IF(B77="","",B77&"-CW-"&TEXT(74,"000"))
A78: 75 | C78: =IF(B78="","",B78&"-CW-"&TEXT(75,"000"))
A79: 76 | C79: =IF(B79="","",B79&"-CW-"&TEXT(76,"000"))
A80: 77 | C80: =IF(B80="","",B80&"-CW-"&TEXT(77,"000"))
A81: 78 | C81: =IF(B81="","",B81&"-CW-"&TEXT(78,"000"))
A82: 79 | C82: =IF(B82="","",B82&"-CW-"&TEXT(79,"000"))
A83: 80 | C83: =IF(B83="","",B83&"-CW-"&TEXT(80,"000"))
A84: 81 | C84: =IF(B84="","",B84&"-CW-"&TEXT(81,"000"))
A85: 82 | C85: =IF(B85="","",B85&"-CW-"&TEXT(82,"000"))
A86: 83 | C86: =IF(B86="","",B86&"-CW-"&TEXT(83,"000"))
A87: 84 | C87: =IF(B87="","",B87&"-CW-"&TEXT(84,"000"))
A88: 85 | C88: =IF(B88="","",B88&"-CW-"&TEXT(85,"000"))
A89: 86 | C89: =IF(B89="","",B89&"-CW-"&TEXT(86,"000"))
A90: 87 | C90: =IF(B90="","",B90&"-CW-"&TEXT(87,"000"))
A91: 88 | C91: =IF(B91="","",B91&"-CW-"&TEXT(88,"000"))
A92: 89 | C92: =IF(B92="","",B92&"-CW-"&TEXT(89,"000"))
A93: 90 | C93: =IF(B93="","",B93&"-CW-"&TEXT(90,"000"))
A94: 91 | C94: =IF(B94="","",B94&"-CW-"&TEXT(91,"000"))
A95: 92 | C95: =IF(B95="","",B95&"-CW-"&TEXT(92,"000"))
A96: 93 | C96: =IF(B96="","",B96&"-CW-"&TEXT(93,"000"))
A97: 94 | C97: =IF(B97="","",B97&"-CW-"&TEXT(94,"000"))
A98: 95 | C98: =IF(B98="","",B98&"-CW-"&TEXT(95,"000"))
A99: 96 | C99: =IF(B99="","",B99&"-CW-"&TEXT(96,"000"))
A100: 97 | C100: =IF(B100="","",B100&"-CW-"&TEXT(97,"000"))
...

Sheet 🎁 Lead Magnets
A1: SolidPro — Lead Magnets Tracker | FILE 2 of 2
A2: Asset ID format: CAMPID-LM-001 | Assessments / PDFs / Calculators / Checklists | * = Mandatory
A3: S.No | B3: Campaign ID * | C3: Asset ID | D3: Vertical * | E3: Lead Magnet Name * | F3: Lead Magnet Type | G3: Topic / Theme | H3: Format / Delivery | I3: Target Persona | J3: Funnel Stage | K3: Linked LP ID | L3: Linked Content ID | M3: No. of Pages / Questions | N3: Content Writer | O3: Designer | P3: Gating? (Form Required?) | Q3: Form Fields | R3: Lead Data Goes To | S3: Download / Access Link | T3: Results / Score Defined? | U3: Brief Date | V3: Due Date * | W3: Pub / Go-Live Date * | X3: Owner * | Y3: Priority | Z3: Status | AA3: Approved by Project Head | AB3: Approved by Manager | AC3: Feedback / Notes | AD3: Archived?
A4: 1 | C4: =IF(B4="","",B4&"-LM-"&TEXT(1,"000"))
A5: 2 | C5: =IF(B5="","",B5&"-LM-"&TEXT(2,"000"))
A6: 3 | C6: =IF(B6="","",B6&"-LM-"&TEXT(3,"000"))
A7: 4 | C7: =IF(B7="","",B7&"-LM-"&TEXT(4,"000"))
A8: 5 | C8: =IF(B8="","",B8&"-LM-"&TEXT(5,"000"))
A9: 6 | C9: =IF(B9="","",B9&"-LM-"&TEXT(6,"000"))
A10: 7 | C10: =IF(B10="","",B10&"-LM-"&TEXT(7,"000"))
A11: 8 | C11: =IF(B11="","",B11&"-LM-"&TEXT(8,"000"))
A12: 9 | C12: =IF(B12="","",B12&"-LM-"&TEXT(9,"000"))
A13: 10 | C13: =IF(B13="","",B13&"-LM-"&TEXT(10,"000"))
A14: 11 | C14: =IF(B14="","",B14&"-LM-"&TEXT(11,"000"))
A15: 12 | C15: =IF(B15="","",B15&"-LM-"&TEXT(12,"000"))
A16: 13 | C16: =IF(B16="","",B16&"-LM-"&TEXT(13,"000"))
A17: 14 | C17: =IF(B17="","",B17&"-LM-"&TEXT(14,"000"))
A18: 15 | C18: =IF(B18="","",B18&"-LM-"&TEXT(15,"000"))
A19: 16 | C19: =IF(B19="","",B19&"-LM-"&TEXT(16,"000"))
A20: 17 | C20: =IF(B20="","",B20&"-LM-"&TEXT(17,"000"))
A21: 18 | C21: =IF(B21="","",B21&"-LM-"&TEXT(18,"000"))
A22: 19 | C22: =IF(B22="","",B22&"-LM-"&TEXT(19,"000"))
A23: 20 | C23: =IF(B23="","",B23&"-LM-"&TEXT(20,"000"))
A24: 21 | C24: =IF(B24="","",B24&"-LM-"&TEXT(21,"000"))
A25: 22 | C25: =IF(B25="","",B25&"-LM-"&TEXT(22,"000"))
A26: 23 | C26: =IF(B26="","",B26&"-LM-"&TEXT(23,"000"))
A27: 24 | C27: =IF(B27="","",B27&"-LM-"&TEXT(24,"000"))
A28: 25 | C28: =IF(B28="","",B28&"-LM-"&TEXT(25,"000"))
A29: 26 | C29: =IF(B29="","",B29&"-LM-"&TEXT(26,"000"))
A30: 27 | C30: =IF(B30="","",B30&"-LM-"&TEXT(27,"000"))
A31: 28 | C31: =IF(B31="","",B31&"-LM-"&TEXT(28,"000"))
A32: 29 | C32: =IF(B32="","",B32&"-LM-"&TEXT(29,"000"))
A33: 30 | C33: =IF(B33="","",B33&"-LM-"&TEXT(30,"000"))
A34: 31 | C34: =IF(B34="","",B34&"-LM-"&TEXT(31,"000"))
A35: 32 | C35: =IF(B35="","",B35&"-LM-"&TEXT(32,"000"))
A36: 33 | C36: =IF(B36="","",B36&"-LM-"&TEXT(33,"000"))
A37: 34 | C37: =IF(B37="","",B37&"-LM-"&TEXT(34,"000"))
A38: 35 | C38: =IF(B38="","",B38&"-LM-"&TEXT(35,"000"))
A39: 36 | C39: =IF(B39="","",B39&"-LM-"&TEXT(36,"000"))
A40: 37 | C40: =IF(B40="","",B40&"-LM-"&TEXT(37,"000"))
A41: 38 | C41: =IF(B41="","",B41&"-LM-"&TEXT(38,"000"))
A42: 39 | C42: =IF(B42="","",B42&"-LM-"&TEXT(39,"000"))
A43: 40 | C43: =IF(B43="","",B43&"-LM-"&TEXT(40,"000"))
A44: 41 | C44: =IF(B44="","",B44&"-LM-"&TEXT(41,"000"))
A45: 42 | C45: =IF(B45="","",B45&"-LM-"&TEXT(42,"000"))
A46: 43 | C46: =IF(B46="","",B46&"-LM-"&TEXT(43,"000"))
A47: 44 | C47: =IF(B47="","",B47&"-LM-"&TEXT(44,"000"))
A48: 45 | C48: =IF(B48="","",B48&"-LM-"&TEXT(45,"000"))
A49: 46 | C49: =IF(B49="","",B49&"-LM-"&TEXT(46,"000"))
A50: 47 | C50: =IF(B50="","",B50&"-LM-"&TEXT(47,"000"))
A51: 48 | C51: =IF(B51="","",B51&"-LM-"&TEXT(48,"000"))
A52: 49 | C52: =IF(B52="","",B52&"-LM-"&TEXT(49,"000"))
A53: 50 | C53: =IF(B53="","",B53&"-LM-"&TEXT(50,"000"))
A54: 51 | C54: =IF(B54="","",B54&"-LM-"&TEXT(51,"000"))
A55: 52 | C55: =IF(B55="","",B55&"-LM-"&TEXT(52,"000"))
A56: 53 | C56: =IF(B56="","",B56&"-LM-"&TEXT(53,"000"))
A57: 54 | C57: =IF(B57="","",B57&"-LM-"&TEXT(54,"000"))
A58: 55 | C58: =IF(B58="","",B58&"-LM-"&TEXT(55,"000"))
A59: 56 | C59: =IF(B59="","",B59&"-LM-"&TEXT(56,"000"))
A60: 57 | C60: =IF(B60="","",B60&"-LM-"&TEXT(57,"000"))
A61: 58 | C61: =IF(B61="","",B61&"-LM-"&TEXT(58,"000"))
A62: 59 | C62: =IF(B62="","",B62&"-LM-"&TEXT(59,"000"))
A63: 60 | C63: =IF(B63="","",B63&"-LM-"&TEXT(60,"000"))
A64: 61 | C64: =IF(B64="","",B64&"-LM-"&TEXT(61,"000"))
A65: 62 | C65: =IF(B65="","",B65&"-LM-"&TEXT(62,"000"))
A66: 63 | C66: =IF(B66="","",B66&"-LM-"&TEXT(63,"000"))
A67: 64 | C67: =IF(B67="","",B67&"-LM-"&TEXT(64,"000"))
A68: 65 | C68: =IF(B68="","",B68&"-LM-"&TEXT(65,"000"))
A69: 66 | C69: =IF(B69="","",B69&"-LM-"&TEXT(66,"000"))
A70: 67 | C70: =IF(B70="","",B70&"-LM-"&TEXT(67,"000"))
A71: 68 | C71: =IF(B71="","",B71&"-LM-"&TEXT(68,"000"))
A72: 69 | C72: =IF(B72="","",B72&"-LM-"&TEXT(69,"000"))
A73: 70 | C73: =IF(B73="","",B73&"-LM-"&TEXT(70,"000"))
A74: 71 | C74: =IF(B74="","",B74&"-LM-"&TEXT(71,"000"))
A75: 72 | C75: =IF(B75="","",B75&"-LM-"&TEXT(72,"000"))
A76: 73 | C76: =IF(B76="","",B76&"-LM-"&TEXT(73,"000"))
A77: 74 | C77: =IF(B77="","",B77&"-LM-"&TEXT(74,"000"))
A78: 75 | C78: =IF(B78="","",B78&"-LM-"&TEXT(75,"000"))
A79: 76 | C79: =IF(B79="","",B79&"-LM-"&TEXT(76,"000"))
A80: 77 | C80: =IF(B80="","",B80&"-LM-"&TEXT(77,"000"))
A81: 78 | C81: =IF(B81="","",B81&"-LM-"&TEXT(78,"000"))
A82: 79 | C82: =IF(B82="","",B82&"-LM-"&TEXT(79,"000"))
A83: 80 | C83: =IF(B83="","",B83&"-LM-"&TEXT(80,"000"))
A84: 81 | C84: =IF(B84="","",B84&"-LM-"&TEXT(81,"000"))
A85: 82 | C85: =IF(B85="","",B85&"-LM-"&TEXT(82,"000"))
A86: 83 | C86: =IF(B86="","",B86&"-LM-"&TEXT(83,"000"))
A87: 84 | C87: =IF(B87="","",B87&"-LM-"&TEXT(84,"000"))
A88: 85 | C88: =IF(B88="","",B88&"-LM-"&TEXT(85,"000"))
A89: 86 | C89: =IF(B89="","",B89&"-LM-"&TEXT(86,"000"))
A90: 87 | C90: =IF(B90="","",B90&"-LM-"&TEXT(87,"000"))
A91: 88 | C91: =IF(B91="","",B91&"-LM-"&TEXT(88,"000"))
A92: 89 | C92: =IF(B92="","",B92&"-LM-"&TEXT(89,"000"))
A93: 90 | C93: =IF(B93="","",B93&"-LM-"&TEXT(90,"000"))
A94: 91 | C94: =IF(B94="","",B94&"-LM-"&TEXT(91,"000"))
A95: 92 | C95: =IF(B95="","",B95&"-LM-"&TEXT(92,"000"))
A96: 93 | C96: =IF(B96="","",B96&"-LM-"&TEXT(93,"000"))
A97: 94 | C97: =IF(B97="","",B97&"-LM-"&TEXT(94,"000"))
A98: 95 | C98: =IF(B98="","",B98&"-LM-"&TEXT(95,"000"))
A99: 96 | C99: =IF(B99="","",B99&"-LM-"&TEXT(96,"000"))
A100: 97 | C100: =IF(B100="","",B100&"-LM-"&TEXT(97,"000"))
...

Sheet 📧 Email Sequences
A1: SolidPro — Email Sequences Tracker | FILE 2 of 2
A2: Asset ID format: CAMPID-EM-001 | Each email in a sequence = one row | * = Mandatory
A3: S.No | B3: Campaign ID * | C3: Asset ID | D3: Vertical * | E3: Sequence Name * | F3: Email # in Sequence | G3: Email Subject Line * | H3: Preview Text | I3: Email Type | J3: Trigger / Entry Point | K3: Audience Segment | L3: Send Day / Delay | M3: CTA in Email | N3: CTA URL | O3: Linked Lead Magnet ID | P3: Linked LP ID | Q3: ESP / Tool | R3: Template Used | S3: Open Rate Target (%) | T3: Click Rate Target (%) | U3: Content Writer * | V3: Brief Date | W3: Due Date * | X3: Pub / Go-Live Date * | Y3: Priority | Z3: Status | AA3: Approved by Project Head | AB3: Approved by Manager | AC3: Feedback / Notes | AD3: Archived?
A4: 1 | C4: =IF(B4="","",B4&"-EM-"&TEXT(1,"000"))
A5: 2 | C5: =IF(B5="","",B5&"-EM-"&TEXT(2,"000"))
A6: 3 | C6: =IF(B6="","",B6&"-EM-"&TEXT(3,"000"))
A7: 4 | C7: =IF(B7="","",B7&"-EM-"&TEXT(4,"000"))
A8: 5 | C8: =IF(B8="","",B8&"-EM-"&TEXT(5,"000"))
A9: 6 | C9: =IF(B9="","",B9&"-EM-"&TEXT(6,"000"))
A10: 7 | C10: =IF(B10="","",B10&"-EM-"&TEXT(7,"000"))
A11: 8 | C11: =IF(B11="","",B11&"-EM-"&TEXT(8,"000"))
A12: 9 | C12: =IF(B12="","",B12&"-EM-"&TEXT(9,"000"))
A13: 10 | C13: =IF(B13="","",B13&"-EM-"&TEXT(10,"000"))
A14: 11 | C14: =IF(B14="","",B14&"-EM-"&TEXT(11,"000"))
A15: 12 | C15: =IF(B15="","",B15&"-EM-"&TEXT(12,"000"))
A16: 13 | C16: =IF(B16="","",B16&"-EM-"&TEXT(13,"000"))
A17: 14 | C17: =IF(B17="","",B17&"-EM-"&TEXT(14,"000"))
A18: 15 | C18: =IF(B18="","",B18&"-EM-"&TEXT(15,"000"))
A19: 16 | C19: =IF(B19="","",B19&"-EM-"&TEXT(16,"000"))
A20: 17 | C20: =IF(B20="","",B20&"-EM-"&TEXT(17,"000"))
A21: 18 | C21: =IF(B21="","",B21&"-EM-"&TEXT(18,"000"))
A22: 19 | C22: =IF(B22="","",B22&"-EM-"&TEXT(19,"000"))
A23: 20 | C23: =IF(B23="","",B23&"-EM-"&TEXT(20,"000"))
A24: 21 | C24: =IF(B24="","",B24&"-EM-"&TEXT(21,"000"))
A25: 22 | C25: =IF(B25="","",B25&"-EM-"&TEXT(22,"000"))
A26: 23 | C26: =IF(B26="","",B26&"-EM-"&TEXT(23,"000"))
A27: 24 | C27: =IF(B27="","",B27&"-EM-"&TEXT(24,"000"))
A28: 25 | C28: =IF(B28="","",B28&"-EM-"&TEXT(25,"000"))
A29: 26 | C29: =IF(B29="","",B29&"-EM-"&TEXT(26,"000"))
A30: 27 | C30: =IF(B30="","",B30&"-EM-"&TEXT(27,"000"))
A31: 28 | C31: =IF(B31="","",B31&"-EM-"&TEXT(28,"000"))
A32: 29 | C32: =IF(B32="","",B32&"-EM-"&TEXT(29,"000"))
A33: 30 | C33: =IF(B33="","",B33&"-EM-"&TEXT(30,"000"))
A34: 31 | C34: =IF(B34="","",B34&"-EM-"&TEXT(31,"000"))
A35: 32 | C35: =IF(B35="","",B35&"-EM-"&TEXT(32,"000"))
A36: 33 | C36: =IF(B36="","",B36&"-EM-"&TEXT(33,"000"))
A37: 34 | C37: =IF(B37="","",B37&"-EM-"&TEXT(34,"000"))
A38: 35 | C38: =IF(B38="","",B38&"-EM-"&TEXT(35,"000"))
A39: 36 | C39: =IF(B39="","",B39&"-EM-"&TEXT(36,"000"))
A40: 37 | C40: =IF(B40="","",B40&"-EM-"&TEXT(37,"000"))
A41: 38 | C41: =IF(B41="","",B41&"-EM-"&TEXT(38,"000"))
A42: 39 | C42: =IF(B42="","",B42&"-EM-"&TEXT(39,"000"))
A43: 40 | C43: =IF(B43="","",B43&"-EM-"&TEXT(40,"000"))
A44: 41 | C44: =IF(B44="","",B44&"-EM-"&TEXT(41,"000"))
A45: 42 | C45: =IF(B45="","",B45&"-EM-"&TEXT(42,"000"))
A46: 43 | C46: =IF(B46="","",B46&"-EM-"&TEXT(43,"000"))
A47: 44 | C47: =IF(B47="","",B47&"-EM-"&TEXT(44,"000"))
A48: 45 | C48: =IF(B48="","",B48&"-EM-"&TEXT(45,"000"))
A49: 46 | C49: =IF(B49="","",B49&"-EM-"&TEXT(46,"000"))
A50: 47 | C50: =IF(B50="","",B50&"-EM-"&TEXT(47,"000"))
A51: 48 | C51: =IF(B51="","",B51&"-EM-"&TEXT(48,"000"))
A52: 49 | C52: =IF(B52="","",B52&"-EM-"&TEXT(49,"000"))
A53: 50 | C53: =IF(B53="","",B53&"-EM-"&TEXT(50,"000"))
A54: 51 | C54: =IF(B54="","",B54&"-EM-"&TEXT(51,"000"))
A55: 52 | C55: =IF(B55="","",B55&"-EM-"&TEXT(52,"000"))
A56: 53 | C56: =IF(B56="","",B56&"-EM-"&TEXT(53,"000"))
A57: 54 | C57: =IF(B57="","",B57&"-EM-"&TEXT(54,"000"))
A58: 55 | C58: =IF(B58="","",B58&"-EM-"&TEXT(55,"000"))
A59: 56 | C59: =IF(B59="","",B59&"-EM-"&TEXT(56,"000"))
A60: 57 | C60: =IF(B60="","",B60&"-EM-"&TEXT(57,"000"))
A61: 58 | C61: =IF(B61="","",B61&"-EM-"&TEXT(58,"000"))
A62: 59 | C62: =IF(B62="","",B62&"-EM-"&TEXT(59,"000"))
A63: 60 | C63: =IF(B63="","",B63&"-EM-"&TEXT(60,"000"))
A64: 61 | C64: =IF(B64="","",B64&"-EM-"&TEXT(61,"000"))
A65: 62 | C65: =IF(B65="","",B65&"-EM-"&TEXT(62,"000"))
A66: 63 | C66: =IF(B66="","",B66&"-EM-"&TEXT(63,"000"))
A67: 64 | C67: =IF(B67="","",B67&"-EM-"&TEXT(64,"000"))
A68: 65 | C68: =IF(B68="","",B68&"-EM-"&TEXT(65,"000"))
A69: 66 | C69: =IF(B69="","",B69&"-EM-"&TEXT(66,"000"))
A70: 67 | C70: =IF(B70="","",B70&"-EM-"&TEXT(67,"000"))
A71: 68 | C71: =IF(B71="","",B71&"-EM-"&TEXT(68,"000"))
A72: 69 | C72: =IF(B72="","",B72&"-EM-"&TEXT(69,"000"))
A73: 70 | C73: =IF(B73="","",B73&"-EM-"&TEXT(70,"000"))
A74: 71 | C74: =IF(B74="","",B74&"-EM-"&TEXT(71,"000"))
A75: 72 | C75: =IF(B75="","",B75&"-EM-"&TEXT(72,"000"))
A76: 73 | C76: =IF(B76="","",B76&"-EM-"&TEXT(73,"000"))
A77: 74 | C77: =IF(B77="","",B77&"-EM-"&TEXT(74,"000"))
A78: 75 | C78: =IF(B78="","",B78&"-EM-"&TEXT(75,"000"))
A79: 76 | C79: =IF(B79="","",B79&"-EM-"&TEXT(76,"000"))
A80: 77 | C80: =IF(B80="","",B80&"-EM-"&TEXT(77,"000"))
A81: 78 | C81: =IF(B81="","",B81&"-EM-"&TEXT(78,"000"))
A82: 79 | C82: =IF(B82="","",B82&"-EM-"&TEXT(79,"000"))
A83: 80 | C83: =IF(B83="","",B83&"-EM-"&TEXT(80,"000"))
A84: 81 | C84: =IF(B84="","",B84&"-EM-"&TEXT(81,"000"))
A85: 82 | C85: =IF(B85="","",B85&"-EM-"&TEXT(82,"000"))
A86: 83 | C86: =IF(B86="","",B86&"-EM-"&TEXT(83,"000"))
A87: 84 | C87: =IF(B87="","",B87&"-EM-"&TEXT(84,"000"))
A88: 85 | C88: =IF(B88="","",B88&"-EM-"&TEXT(85,"000"))
A89: 86 | C89: =IF(B89="","",B89&"-EM-"&TEXT(86,"000"))
A90: 87 | C90: =IF(B90="","",B90&"-EM-"&TEXT(87,"000"))
A91: 88 | C91: =IF(B91="","",B91&"-EM-"&TEXT(88,"000"))
A92: 89 | C92: =IF(B92="","",B92&"-EM-"&TEXT(89,"000"))
A93: 90 | C93: =IF(B93="","",B93&"-EM-"&TEXT(90,"000"))
A94: 91 | C94: =IF(B94="","",B94&"-EM-"&TEXT(91,"000"))
A95: 92 | C95: =IF(B95="","",B95&"-EM-"&TEXT(92,"000"))
A96: 93 | C96: =IF(B96="","",B96&"-EM-"&TEXT(93,"000"))
A97: 94 | C97: =IF(B97="","",B97&"-EM-"&TEXT(94,"000"))
A98: 95 | C98: =IF(B98="","",B98&"-EM-"&TEXT(95,"000"))
A99: 96 | C99: =IF(B99="","",B99&"-EM-"&TEXT(96,"000"))
A100: 97 | C100: =IF(B100="","",B100&"-EM-"&TEXT(97,"000"))
...

Sheet 🔍 SEO
A1: SolidPro — SEO Tracker | FILE 2 of 2
A2: Asset ID format: CAMPID-SEO-001 | One row per SEO task | * = Mandatory
A3: S.No | B3: Campaign ID * | C3: Asset ID | D3: Vertical * | E3: SEO Task Name * | F3: SEO Task Type | G3: Target Page / URL | H3: Primary Keyword | I3: Secondary Keywords | J3: Current Ranking | K3: Target Ranking | L3: Monthly Search Vol. | M3: Keyword Difficulty | N3: On-Page Changes | O3: Backlink Target | P3: Linked Content ID | Q3: Linked LP ID | R3: Tool Used | S3: Owner * | T3: Brief Date | U3: Due Date * | V3: Pub / Go-Live Date * | W3: Priority | X3: Status | Y3: Approved by Project Head | Z3: Approved by Manager | AA3: Tracking Implemented? | AB3: Feedback / Notes | AC3: Archived?
A4: 1 | C4: =IF(B4="","",B4&"-SEO-"&TEXT(1,"000"))
A5: 2 | C5: =IF(B5="","",B5&"-SEO-"&TEXT(2,"000"))
A6: 3 | C6: =IF(B6="","",B6&"-SEO-"&TEXT(3,"000"))
A7: 4 | C7: =IF(B7="","",B7&"-SEO-"&TEXT(4,"000"))
A8: 5 | C8: =IF(B8="","",B8&"-SEO-"&TEXT(5,"000"))
A9: 6 | C9: =IF(B9="","",B9&"-SEO-"&TEXT(6,"000"))
A10: 7 | C10: =IF(B10="","",B10&"-SEO-"&TEXT(7,"000"))
A11: 8 | C11: =IF(B11="","",B11&"-SEO-"&TEXT(8,"000"))
A12: 9 | C12: =IF(B12="","",B12&"-SEO-"&TEXT(9,"000"))
A13: 10 | C13: =IF(B13="","",B13&"-SEO-"&TEXT(10,"000"))
A14: 11 | C14: =IF(B14="","",B14&"-SEO-"&TEXT(11,"000"))
A15: 12 | C15: =IF(B15="","",B15&"-SEO-"&TEXT(12,"000"))
A16: 13 | C16: =IF(B16="","",B16&"-SEO-"&TEXT(13,"000"))
A17: 14 | C17: =IF(B17="","",B17&"-SEO-"&TEXT(14,"000"))
A18: 15 | C18: =IF(B18="","",B18&"-SEO-"&TEXT(15,"000"))
A19: 16 | C19: =IF(B19="","",B19&"-SEO-"&TEXT(16,"000"))
A20: 17 | C20: =IF(B20="","",B20&"-SEO-"&TEXT(17,"000"))
A21: 18 | C21: =IF(B21="","",B21&"-SEO-"&TEXT(18,"000"))
A22: 19 | C22: =IF(B22="","",B22&"-SEO-"&TEXT(19,"000"))
A23: 20 | C23: =IF(B23="","",B23&"-SEO-"&TEXT(20,"000"))
A24: 21 | C24: =IF(B24="","",B24&"-SEO-"&TEXT(21,"000"))
A25: 22 | C25: =IF(B25="","",B25&"-SEO-"&TEXT(22,"000"))
A26: 23 | C26: =IF(B26="","",B26&"-SEO-"&TEXT(23,"000"))
A27: 24 | C27: =IF(B27="","",B27&"-SEO-"&TEXT(24,"000"))
A28: 25 | C28: =IF(B28="","",B28&"-SEO-"&TEXT(25,"000"))
A29: 26 | C29: =IF(B29="","",B29&"-SEO-"&TEXT(26,"000"))
A30: 27 | C30: =IF(B30="","",B30&"-SEO-"&TEXT(27,"000"))
A31: 28 | C31: =IF(B31="","",B31&"-SEO-"&TEXT(28,"000"))
A32: 29 | C32: =IF(B32="","",B32&"-SEO-"&TEXT(29,"000"))
A33: 30 | C33: =IF(B33="","",B33&"-SEO-"&TEXT(30,"000"))
A34: 31 | C34: =IF(B34="","",B34&"-SEO-"&TEXT(31,"000"))
A35: 32 | C35: =IF(B35="","",B35&"-SEO-"&TEXT(32,"000"))
A36: 33 | C36: =IF(B36="","",B36&"-SEO-"&TEXT(33,"000"))
A37: 34 | C37: =IF(B37="","",B37&"-SEO-"&TEXT(34,"000"))
A38: 35 | C38: =IF(B38="","",B38&"-SEO-"&TEXT(35,"000"))
A39: 36 | C39: =IF(B39="","",B39&"-SEO-"&TEXT(36,"000"))
A40: 37 | C40: =IF(B40="","",B40&"-SEO-"&TEXT(37,"000"))
A41: 38 | C41: =IF(B41="","",B41&"-SEO-"&TEXT(38,"000"))
A42: 39 | C42: =IF(B42="","",B42&"-SEO-"&TEXT(39,"000"))
A43: 40 | C43: =IF(B43="","",B43&"-SEO-"&TEXT(40,"000"))
A44: 41 | C44: =IF(B44="","",B44&"-SEO-"&TEXT(41,"000"))
A45: 42 | C45: =IF(B45="","",B45&"-SEO-"&TEXT(42,"000"))
A46: 43 | C46: =IF(B46="","",B46&"-SEO-"&TEXT(43,"000"))
A47: 44 | C47: =IF(B47="","",B47&"-SEO-"&TEXT(44,"000"))
A48: 45 | C48: =IF(B48="","",B48&"-SEO-"&TEXT(45,"000"))
A49: 46 | C49: =IF(B49="","",B49&"-SEO-"&TEXT(46,"000"))
A50: 47 | C50: =IF(B50="","",B50&"-SEO-"&TEXT(47,"000"))
A51: 48 | C51: =IF(B51="","",B51&"-SEO-"&TEXT(48,"000"))
A52: 49 | C52: =IF(B52="","",B52&"-SEO-"&TEXT(49,"000"))
A53: 50 | C53: =IF(B53="","",B53&"-SEO-"&TEXT(50,"000"))
A54: 51 | C54: =IF(B54="","",B54&"-SEO-"&TEXT(51,"000"))
A55: 52 | C55: =IF(B55="","",B55&"-SEO-"&TEXT(52,"000"))
A56: 53 | C56: =IF(B56="","",B56&"-SEO-"&TEXT(53,"000"))
A57: 54 | C57: =IF(B57="","",B57&"-SEO-"&TEXT(54,"000"))
A58: 55 | C58: =IF(B58="","",B58&"-SEO-"&TEXT(55,"000"))
A59: 56 | C59: =IF(B59="","",B59&"-SEO-"&TEXT(56,"000"))
A60: 57 | C60: =IF(B60="","",B60&"-SEO-"&TEXT(57,"000"))
A61: 58 | C61: =IF(B61="","",B61&"-SEO-"&TEXT(58,"000"))
A62: 59 | C62: =IF(B62="","",B62&"-SEO-"&TEXT(59,"000"))
A63: 60 | C63: =IF(B63="","",B63&"-SEO-"&TEXT(60,"000"))
A64: 61 | C64: =IF(B64="","",B64&"-SEO-"&TEXT(61,"000"))
A65: 62 | C65: =IF(B65="","",B65&"-SEO-"&TEXT(62,"000"))
A66: 63 | C66: =IF(B66="","",B66&"-SEO-"&TEXT(63,"000"))
A67: 64 | C67: =IF(B67="","",B67&"-SEO-"&TEXT(64,"000"))
A68: 65 | C68: =IF(B68="","",B68&"-SEO-"&TEXT(65,"000"))
A69: 66 | C69: =IF(B69="","",B69&"-SEO-"&TEXT(66,"000"))
A70: 67 | C70: =IF(B70="","",B70&"-SEO-"&TEXT(67,"000"))
A71: 68 | C71: =IF(B71="","",B71&"-SEO-"&TEXT(68,"000"))
A72: 69 | C72: =IF(B72="","",B72&"-SEO-"&TEXT(69,"000"))
A73: 70 | C73: =IF(B73="","",B73&"-SEO-"&TEXT(70,"000"))
A74: 71 | C74: =IF(B74="","",B74&"-SEO-"&TEXT(71,"000"))
A75: 72 | C75: =IF(B75="","",B75&"-SEO-"&TEXT(72,"000"))
A76: 73 | C76: =IF(B76="","",B76&"-SEO-"&TEXT(73,"000"))
A77: 74 | C77: =IF(B77="","",B77&"-SEO-"&TEXT(74,"000"))
A78: 75 | C78: =IF(B78="","",B78&"-SEO-"&TEXT(75,"000"))
A79: 76 | C79: =IF(B79="","",B79&"-SEO-"&TEXT(76,"000"))
A80: 77 | C80: =IF(B80="","",B80&"-SEO-"&TEXT(77,"000"))
A81: 78 | C81: =IF(B81="","",B81&"-SEO-"&TEXT(78,"000"))
A82: 79 | C82: =IF(B82="","",B82&"-SEO-"&TEXT(79,"000"))
A83: 80 | C83: =IF(B83="","",B83&"-SEO-"&TEXT(80,"000"))
A84: 81 | C84: =IF(B84="","",B84&"-SEO-"&TEXT(81,"000"))
A85: 82 | C85: =IF(B85="","",B85&"-SEO-"&TEXT(82,"000"))
A86: 83 | C86: =IF(B86="","",B86&"-SEO-"&TEXT(83,"000"))
A87: 84 | C87: =IF(B87="","",B87&"-SEO-"&TEXT(84,"000"))
A88: 85 | C88: =IF(B88="","",B88&"-SEO-"&TEXT(85,"000"))
A89: 86 | C89: =IF(B89="","",B89&"-SEO-"&TEXT(86,"000"))
A90: 87 | C90: =IF(B90="","",B90&"-SEO-"&TEXT(87,"000"))
A91: 88 | C91: =IF(B91="","",B91&"-SEO-"&TEXT(88,"000"))
A92: 89 | C92: =IF(B92="","",B92&"-SEO-"&TEXT(89,"000"))
A93: 90 | C93: =IF(B93="","",B93&"-SEO-"&TEXT(90,"000"))
A94: 91 | C94: =IF(B94="","",B94&"-SEO-"&TEXT(91,"000"))
A95: 92 | C95: =IF(B95="","",B95&"-SEO-"&TEXT(92,"000"))
A96: 93 | C96: =IF(B96="","",B96&"-SEO-"&TEXT(93,"000"))
A97: 94 | C97: =IF(B97="","",B97&"-SEO-"&TEXT(94,"000"))
A98: 95 | C98: =IF(B98="","",B98&"-SEO-"&TEXT(95,"000"))
A99: 96 | C99: =IF(B99="","",B99&"-SEO-"&TEXT(96,"000"))
A100: 97 | C100: =IF(B100="","",B100&"-SEO-"&TEXT(97,"000"))
...

Sheet 🎤 Webinars & Events
A1: SolidPro — Webinars & Events Tracker | FILE 2 of 2
A2: Asset ID format: CAMPID-EV-001 | Link LP + Lead Magnet IDs before going live | * = Mandatory
A3: S.No | B3: Campaign ID * | C3: Asset ID | D3: Vertical * | E3: Event Name * | F3: Event Type | G3: Event Format | H3: Topic / Agenda | I3: Speaker(s) | J3: Target Audience | K3: Registration Link | L3: Platform / Tool | M3: Event Date * | N3: Event Time | O3: Duration (mins) | P3: Linked LP ID | Q3: Linked Lead Magnet ID | R3: Promotion Asset IDs | S3: Expected Attendees | T3: Actual Attendees | U3: Recording Link | V3: Follow-Up Email Sent? | W3: Owner * | X3: Brief Date | Y3: Due Date * | Z3: Pub / Go-Live Date * | AA3: Priority | AB3: Status | AC3: Approved by Project Head | AD3: Approved by Manager | AE3: Feedback / Notes | AF3: Archived?
A4: 1 | C4: =IF(B4="","",B4&"-EV-"&TEXT(1,"000"))
A5: 2 | C5: =IF(B5="","",B5&"-EV-"&TEXT(2,"000"))
A6: 3 | C6: =IF(B6="","",B6&"-EV-"&TEXT(3,"000"))
A7: 4 | C7: =IF(B7="","",B7&"-EV-"&TEXT(4,"000"))
A8: 5 | C8: =IF(B8="","",B8&"-EV-"&TEXT(5,"000"))
A9: 6 | C9: =IF(B9="","",B9&"-EV-"&TEXT(6,"000"))
A10: 7 | C10: =IF(B10="","",B10&"-EV-"&TEXT(7,"000"))
A11: 8 | C11: =IF(B11="","",B11&"-EV-"&TEXT(8,"000"))
A12: 9 | C12: =IF(B12="","",B12&"-EV-"&TEXT(9,"000"))
A13: 10 | C13: =IF(B13="","",B13&"-EV-"&TEXT(10,"000"))
A14: 11 | C14: =IF(B14="","",B14&"-EV-"&TEXT(11,"000"))
A15: 12 | C15: =IF(B15="","",B15&"-EV-"&TEXT(12,"000"))
A16: 13 | C16: =IF(B16="","",B16&"-EV-"&TEXT(13,"000"))
A17: 14 | C17: =IF(B17="","",B17&"-EV-"&TEXT(14,"000"))
A18: 15 | C18: =IF(B18="","",B18&"-EV-"&TEXT(15,"000"))
A19: 16 | C19: =IF(B19="","",B19&"-EV-"&TEXT(16,"000"))
A20: 17 | C20: =IF(B20="","",B20&"-EV-"&TEXT(17,"000"))
A21: 18 | C21: =IF(B21="","",B21&"-EV-"&TEXT(18,"000"))
A22: 19 | C22: =IF(B22="","",B22&"-EV-"&TEXT(19,"000"))
A23: 20 | C23: =IF(B23="","",B23&"-EV-"&TEXT(20,"000"))
A24: 21 | C24: =IF(B24="","",B24&"-EV-"&TEXT(21,"000"))
A25: 22 | C25: =IF(B25="","",B25&"-EV-"&TEXT(22,"000"))
A26: 23 | C26: =IF(B26="","",B26&"-EV-"&TEXT(23,"000"))
A27: 24 | C27: =IF(B27="","",B27&"-EV-"&TEXT(24,"000"))
A28: 25 | C28: =IF(B28="","",B28&"-EV-"&TEXT(25,"000"))
A29: 26 | C29: =IF(B29="","",B29&"-EV-"&TEXT(26,"000"))
A30: 27 | C30: =IF(B30="","",B30&"-EV-"&TEXT(27,"000"))
A31: 28 | C31: =IF(B31="","",B31&"-EV-"&TEXT(28,"000"))
A32: 29 | C32: =IF(B32="","",B32&"-EV-"&TEXT(29,"000"))
A33: 30 | C33: =IF(B33="","",B33&"-EV-"&TEXT(30,"000"))
A34: 31 | C34: =IF(B34="","",B34&"-EV-"&TEXT(31,"000"))
A35: 32 | C35: =IF(B35="","",B35&"-EV-"&TEXT(32,"000"))
A36: 33 | C36: =IF(B36="","",B36&"-EV-"&TEXT(33,"000"))
A37: 34 | C37: =IF(B37="","",B37&"-EV-"&TEXT(34,"000"))
A38: 35 | C38: =IF(B38="","",B38&"-EV-"&TEXT(35,"000"))
A39: 36 | C39: =IF(B39="","",B39&"-EV-"&TEXT(36,"000"))
A40: 37 | C40: =IF(B40="","",B40&"-EV-"&TEXT(37,"000"))
A41: 38 | C41: =IF(B41="","",B41&"-EV-"&TEXT(38,"000"))
A42: 39 | C42: =IF(B42="","",B42&"-EV-"&TEXT(39,"000"))
A43: 40 | C43: =IF(B43="","",B43&"-EV-"&TEXT(40,"000"))
A44: 41 | C44: =IF(B44="","",B44&"-EV-"&TEXT(41,"000"))
A45: 42 | C45: =IF(B45="","",B45&"-EV-"&TEXT(42,"000"))
A46: 43 | C46: =IF(B46="","",B46&"-EV-"&TEXT(43,"000"))
A47: 44 | C47: =IF(B47="","",B47&"-EV-"&TEXT(44,"000"))
A48: 45 | C48: =IF(B48="","",B48&"-EV-"&TEXT(45,"000"))
A49: 46 | C49: =IF(B49="","",B49&"-EV-"&TEXT(46,"000"))
A50: 47 | C50: =IF(B50="","",B50&"-EV-"&TEXT(47,"000"))
A51: 48 | C51: =IF(B51="","",B51&"-EV-"&TEXT(48,"000"))
A52: 49 | C52: =IF(B52="","",B52&"-EV-"&TEXT(49,"000"))
A53: 50 | C53: =IF(B53="","",B53&"-EV-"&TEXT(50,"000"))
A54: 51 | C54: =IF(B54="","",B54&"-EV-"&TEXT(51,"000"))
A55: 52 | C55: =IF(B55="","",B55&"-EV-"&TEXT(52,"000"))
A56: 53 | C56: =IF(B56="","",B56&"-EV-"&TEXT(53,"000"))
A57: 54 | C57: =IF(B57="","",B57&"-EV-"&TEXT(54,"000"))
A58: 55 | C58: =IF(B58="","",B58&"-EV-"&TEXT(55,"000"))
A59: 56 | C59: =IF(B59="","",B59&"-EV-"&TEXT(56,"000"))
A60: 57 | C60: =IF(B60="","",B60&"-EV-"&TEXT(57,"000"))
A61: 58 | C61: =IF(B61="","",B61&"-EV-"&TEXT(58,"000"))
A62: 59 | C62: =IF(B62="","",B62&"-EV-"&TEXT(59,"000"))
A63: 60 | C63: =IF(B63="","",B63&"-EV-"&TEXT(60,"000"))
A64: 61 | C64: =IF(B64="","",B64&"-EV-"&TEXT(61,"000"))
A65: 62 | C65: =IF(B65="","",B65&"-EV-"&TEXT(62,"000"))
A66: 63 | C66: =IF(B66="","",B66&"-EV-"&TEXT(63,"000"))
A67: 64 | C67: =IF(B67="","",B67&"-EV-"&TEXT(64,"000"))
A68: 65 | C68: =IF(B68="","",B68&"-EV-"&TEXT(65,"000"))
A69: 66 | C69: =IF(B69="","",B69&"-EV-"&TEXT(66,"000"))
A70: 67 | C70: =IF(B70="","",B70&"-EV-"&TEXT(67,"000"))
A71: 68 | C71: =IF(B71="","",B71&"-EV-"&TEXT(68,"000"))
A72: 69 | C72: =IF(B72="","",B72&"-EV-"&TEXT(69,"000"))
A73: 70 | C73: =IF(B73="","",B73&"-EV-"&TEXT(70,"000"))
A74: 71 | C74: =IF(B74="","",B74&"-EV-"&TEXT(71,"000"))
A75: 72 | C75: =IF(B75="","",B75&"-EV-"&TEXT(72,"000"))
A76: 73 | C76: =IF(B76="","",B76&"-EV-"&TEXT(73,"000"))
A77: 74 | C77: =IF(B77="","",B77&"-EV-"&TEXT(74,"000"))
A78: 75 | C78: =IF(B78="","",B78&"-EV-"&TEXT(75,"000"))
A79: 76 | C79: =IF(B79="","",B79&"-EV-"&TEXT(76,"000"))
A80: 77 | C80: =IF(B80="","",B80&"-EV-"&TEXT(77,"000"))
A81: 78 | C81: =IF(B81="","",B81&"-EV-"&TEXT(78,"000"))
A82: 79 | C82: =IF(B82="","",B82&"-EV-"&TEXT(79,"000"))
A83: 80 | C83: =IF(B83="","",B83&"-EV-"&TEXT(80,"000"))
A84: 81 | C84: =IF(B84="","",B84&"-EV-"&TEXT(81,"000"))
A85: 82 | C85: =IF(B85="","",B85&"-EV-"&TEXT(82,"000"))
A86: 83 | C86: =IF(B86="","",B86&"-EV-"&TEXT(83,"000"))
A87: 84 | C87: =IF(B87="","",B87&"-EV-"&TEXT(84,"000"))
A88: 85 | C88: =IF(B88="","",B88&"-EV-"&TEXT(85,"000"))
A89: 86 | C89: =IF(B89="","",B89&"-EV-"&TEXT(86,"000"))
A90: 87 | C90: =IF(B90="","",B90&"-EV-"&TEXT(87,"000"))
A91: 88 | C91: =IF(B91="","",B91&"-EV-"&TEXT(88,"000"))
A92: 89 | C92: =IF(B92="","",B92&"-EV-"&TEXT(89,"000"))
A93: 90 | C93: =IF(B93="","",B93&"-EV-"&TEXT(90,"000"))
A94: 91 | C94: =IF(B94="","",B94&"-EV-"&TEXT(91,"000"))
A95: 92 | C95: =IF(B95="","",B95&"-EV-"&TEXT(92,"000"))
A96: 93 | C96: =IF(B96="","",B96&"-EV-"&TEXT(93,"000"))
A97: 94 | C97: =IF(B97="","",B97&"-EV-"&TEXT(94,"000"))
A98: 95 | C98: =IF(B98="","",B98&"-EV-"&TEXT(95,"000"))
A99: 96 | C99: =IF(B99="","",B99&"-EV-"&TEXT(96,"000"))
A100: 97 | C100: =IF(B100="","",B100&"-EV-"&TEXT(97,"000"))
...

Sheet 📊 Dashboard
A1: SolidPro — Content & Digital Dashboard (File 2 of 2)
A2: Auto-calculated from all sheets | Press Ctrl+Alt+F9 to force refresh
A4: Assets by Tracker Sheet | D4: Count
A5: 🌐 Landing Pages | D5: =COUNTIFS('🌐 Landing Pages'!$B$4:$B$103,"<>",'🌐 Landing Pages'!$E$4:$E$103,"<>")
A6: ✍ Content Writing | D6: =COUNTIFS('✍ Content Writing'!$B$4:$B$103,"<>",'✍ Content Writing'!$E$4:$E$103,"<>")
A7: 🎁 Lead Magnets | D7: =COUNTIFS('🎁 Lead Magnets'!$B$4:$B$103,"<>",'🎁 Lead Magnets'!$E$4:$E$103,"<>")
A8: 📧 Email Sequences | D8: =COUNTIFS('📧 Email Sequences'!$B$4:$B$103,"<>",'📧 Email Sequences'!$E$4:$E$103,"<>")
A9: 🔍 SEO | D9: =COUNTIFS('🔍 SEO'!$B$4:$B$103,"<>",'🔍 SEO'!$E$4:$E$103,"<>")
A10: 🎤 Webinars & Events | D10: =COUNTIFS('🎤 Webinars & Events'!$B$4:$B$103,"<>",'🎤 Webinars & Events'!$E$4:$E$103,"<>")
A12: Landing Pages by Status | D12: Count
A13: 📋 Briefed | D13: =COUNTIF('🌐 Landing Pages'!V4:V103,"*Briefed*")
A14: ✍ In Progress | D14: =COUNTIF('🌐 Landing Pages'!V4:V103,"*Progress*")
A15: ✅ Approved | D15: =COUNTIF('🌐 Landing Pages'!V4:V103,"*Approved*")
A16: 🚀 Live | D16: =COUNTIF('🌐 Landing Pages'!V4:V103,"*Live*")
A17: ⏸ On Hold | D17: =COUNTIF('🌐 Landing Pages'!V4:V103,"*On Hold*")
A18: ❌ Cancelled | D18: =COUNTIF('🌐 Landing Pages'!V4:V103,"*Cancelled*")
A20: Lead Magnets by Type | D20: Count
A21: Downloadable PDF | D21: =COUNTIF('🎁 Lead Magnets'!F4:F103,"*PDF*")
A22: Assessment / Quiz | D22: =COUNTIF('🎁 Lead Magnets'!F4:F103,"*Assessment*")
A23: Checklist | D23: =COUNTIF('🎁 Lead Magnets'!F4:F103,"*Checklist*")
A24: Template | D24: =COUNTIF('🎁 Lead Magnets'!F4:F103,"*Template*")
A25: Calculator | D25: =COUNTIF('🎁 Lead Magnets'!F4:F103,"*Calculator*")
A26: eBook | D26: =COUNTIF('🎁 Lead Magnets'!F4:F103,"*eBook*")
A27: Other | D27: =COUNTIF('🎁 Lead Magnets'!F4:F103,"*Other*")
A29: SEO Tasks by Type | D29: Count
A30: Keyword Research | D30: =COUNTIF('🔍 SEO'!F4:F103,"*Keyword*")
A31: On-Page Optimisation | D31: =COUNTIF('🔍 SEO'!F4:F103,"*On-Page*")
A32: Technical SEO | D32: =COUNTIF('🔍 SEO'!F4:F103,"*Technical*")
A33: Content Optimisation | D33: =COUNTIF('🔍 SEO'!F4:F103,"*Content Opt*")
A34: Link Building | D34: =COUNTIF('🔍 SEO'!F4:F103,"*Link*")
A35: Site Audit | D35: =COUNTIF('🔍 SEO'!F4:F103,"*Audit*")
A37: Events by Type | D37: Count
A38: Webinar | D38: =COUNTIF('🎤 Webinars & Events'!F4:F103,"*Webinar*")
A39: Workshop | D39: =COUNTIF('🎤 Webinars & Events'!F4:F103,"*Workshop*")
A40: In-Person Event | D40: =COUNTIF('🎤 Webinars & Events'!F4:F103,"*In-Person*")
A41: Virtual Event | D41: =COUNTIF('🎤 Webinars & Events'!F4:F103,"*Virtual*")
A42: Roundtable | D42: =COUNTIF('🎤 Webinars & Events'!F4:F103,"*Roundtable*")
