Workbook

Sheet 📖 Naming Convention
A1: SolidPro — Campaign Naming Convention Guide
A2: Follow this structure for every campaign, asset, and file name across both tracker files
A4: CAMPAIGN ID FORMAT
A5: VERTICAL-GOAL-DESCRIPTOR-MON-YY
A6: Examples: DT-LG-PLM-LAUNCH-APR25 IG-BD-VALVE-WHITEPAPER-JUN25 SE-TL-BRIDGE-CASESTUDY-Q3-25
A7: Note: Vertical Code + Goal Code + Short Descriptor (2–3 words max) + Month + 2-digit Year
A12: ASSET ID FORMAT (auto-generated in trackers)
A13: CAMPID-ASSETTYPE-SEQ
A14: Examples: DT-LG-PLM-LAUNCH-APR25-GD-001 (Graphic Design #1) DT-LG-PLM-LAUNCH-APR25-VD-001 (Video #1) DT-LG-PLM-LAUNCH-APR25-LP-001 (Landing Page #1)
A15: Note: Campaign ID + Asset Type Code + 3-digit sequence number
A20: VERTICAL CODES
A21: DT = Digital Transformation | IG = Industrial Goods | SE = Structural Engineering
... A46: Examples: 3. Descriptor must be 2–3 words max, no generic names like 'campaign1'. 4. Month is always 3-letter abbreviation: JAN FEB MAR APR MAY JUN JUL AUG SEP OCT NOV DEC 5. Year is always 2-digit: 25 for 2025.

Sheet 🗂 Campaign Master
A1: SolidPro — Campaign Master | FILE 1 of 2
A2: NAME FORMAT: VERTICAL-GOAL-DESCRIPTOR-MON-YY e.g. DT-LG-PLM-LAUNCH-APR25 | * = Mandatory | Creatives count is auto-calculated
A3: S.No | B3: Campaign ID * | C3: Campaign Name * | D3: Vertical * | E3: Goal Code | F3: Campaign Type | G3: Campaign Goal | H3: Target Audience | I3: Geography | J3: Campaign Start * | K3: Campaign End * | L3: Go-Live Date * | M3: Priority | N3: Campaign Owner * | O3: Campaign Status | P3: Approved by Project Head | Q3: Approved by Manager | R3: Creatives Count | S3: Notes / Brief
A4: 1 | B4: =IF(C4="","",IF(E4="",UPPER(SUBSTITUTE(LEFT(TRIM(C4),20)," ","-"))&"-"&TEXT(MONTH(TODAY()),"MMM")&RIGHT(YEAR(TODAY()),2),UPPER(E4)&"-"&UPPER(SUBSTITUTE(LEFT(TRIM(C4),15)," ","-"))&"-"&TEXT(MONTH(TODAY()),"MMM")&RIGHT(YEAR(TODAY()),2))) | R4: =COUNTIFS('🎨 Creatives'!$B$4:$B$103,B4,'🎨 Creatives'!$E$4:$E$103,"<>")
A5: 2 | B5: =IF(C5="","",IF(E5="",UPPER(SUBSTITUTE(LEFT(TRIM(C5),20)," ","-"))&"-"&TEXT(MONTH(TODAY()),"MMM")&RIGHT(YEAR(TODAY()),2),UPPER(E5)&"-"&UPPER(SUBSTITUTE(LEFT(TRIM(C5),15)," ","-"))&"-"&TEXT(MONTH(TODAY()),"MMM")&RIGHT(YEAR(TODAY()),2))) | R5: =COUNTIFS('🎨 Creatives'!$B$4:$B$103,B5,'🎨 Creatives'!$E$4:$E$103,"<>")
A6: 3 | B6: =IF(C6="","",IF(E6="",UPPER(SUBSTITUTE(LEFT(TRIM(C6),20)," ","-"))&"-"&TEXT(MONTH(TODAY()),"MMM")&RIGHT(YEAR(TODAY()),2),UPPER(E6)&"-"&UPPER(SUBSTITUTE(LEFT(TRIM(C6),15)," ","-"))&"-"&TEXT(MONTH(TODAY()),"MMM")&RIGHT(YEAR(TODAY()),2))) | R6: =COUNTIFS('🎨 Creatives'!$B$4:$B$103,B6,'🎨 Creatives'!$E$4:$E$103,"<>")
A7: 4 | B7: =IF(C7="","",IF(E7="",UPPER(SUBSTITUTE(LEFT(TRIM(C7),20)," ","-"))&"-"&TEXT(MONTH(TODAY()),"MMM")&RIGHT(YEAR(TODAY()),2),UPPER(E7)&"-"&UPPER(SUBSTITUTE(LEFT(TRIM(C7),15)," ","-"))&"-"&TEXT(MONTH(TODAY()),"MMM")&RIGHT(YEAR(TODAY()),2))) | R7: =COUNTIFS('🎨 Creatives'!$B$4:$B$103,B7,'🎨 Creatives'!$E$4:$E$103,"<>")
A8: 5 | B8: =IF(C8="","",IF(E8="",UPPER(SUBSTITUTE(LEFT(TRIM(C8),20)," ","-"))&"-"&TEXT(MONTH(TODAY()),"MMM")&RIGHT(YEAR(TODAY()),2),UPPER(E8)&"-"&UPPER(SUBSTITUTE(LEFT(TRIM(C8),15)," ","-"))&"-"&TEXT(MONTH(TODAY()),"MMM")&RIGHT(YEAR(TODAY()),2))) | R8: =COUNTIFS('🎨 Creatives'!$B$4:$B$103,B8,'🎨 Creatives'!$E$4:$E$103,"<>")
A9: 6 | B9: =IF(C9="","",IF(E9="",UPPER(SUBSTITUTE(LEFT(TRIM(C9),20)," ","-"))&"-"&TEXT(MONTH(TODAY()),"MMM")&RIGHT(YEAR(TODAY()),2),UPPER(E9)&"-"&UPPER(SUBSTITUTE(LEFT(TRIM(C9),15)," ","-"))&"-"&TEXT(MONTH(TODAY()),"MMM")&RIGHT(YEAR(TODAY()),2))) | R9: =COUNTIFS('🎨 Creatives'!$B$4:$B$103,B9,'🎨 Creatives'!$E$4:$E$103,"<>")
A10: 7 | B10: =IF(C10="","",IF(E10="",UPPER(SUBSTITUTE(LEFT(TRIM(C10),20)," ","-"))&"-"&TEXT(MONTH(TODAY()),"MMM")&RIGHT(YEAR(TODAY()),2),UPPER(E10)&"-"&UPPER(SUBSTITUTE(LEFT(TRIM(C10),15)," ","-"))&"-"&TEXT(MONTH(TODAY()),"MMM")&RIGHT(YEAR(TODAY()),2))) | R10: =COUNTIFS('🎨 Creatives'!$B$4:$B$103,B10,'🎨 Creatives'!$E$4:$E$103,"<>")
A11: 8 | B11: =IF(C11="","",IF(E11="",UPPER(SUBSTITUTE(LEFT(TRIM(C11),20)," ","-"))&"-"&TEXT(MONTH(TODAY()),"MMM")&RIGHT(YEAR(TODAY()),2),UPPER(E11)&"-"&UPPER(SUBSTITUTE(LEFT(TRIM(C11),15)," ","-"))&"-"&TEXT(MONTH(TODAY()),"MMM")&RIGHT(YEAR(TODAY()),2))) | R11: =COUNTIFS('🎨 Creatives'!$B$4:$B$103,B11,'🎨 Creatives'!$E$4:$E$103,"<>")
A12: 9 | B12: =IF(C12="","",IF(E12="",UPPER(SUBSTITUTE(LEFT(TRIM(C12),20)," ","-"))&"-"&TEXT(MONTH(TODAY()),"MMM")&RIGHT(YEAR(TODAY()),2),UPPER(E12)&"-"&UPPER(SUBSTITUTE(LEFT(TRIM(C12),15)," ","-"))&"-"&TEXT(MONTH(TODAY()),"MMM")&RIGHT(YEAR(TODAY()),2))) | R12: =COUNTIFS('🎨 Creatives'!$B$4:$B$103,B12,'🎨 Creatives'!$E$4:$E$103,"<>")
A13: 10 | B13: =IF(C13="","",IF(E13="",UPPER(SUBSTITUTE(LEFT(TRIM(C13),20)," ","-"))&"-"&TEXT(MONTH(TODAY()),"MMM")&RIGHT(YEAR(TODAY()),2),UPPER(E13)&"-"&UPPER(SUBSTITUTE(LEFT(TRIM(C13),15)," ","-"))&"-"&TEXT(MONTH(TODAY()),"MMM")&RIGHT(YEAR(TODAY()),2))) | R13: =COUNTIFS('🎨 Creatives'!$B$4:$B$103,B13,'🎨 Creatives'!$E$4:$E$103,"<>")
A14: 11 | B14: =IF(C14="","",IF(E14="",UPPER(SUBSTITUTE(LEFT(TRIM(C14),20)," ","-"))&"-"&TEXT(MONTH(TODAY()),"MMM")&RIGHT(YEAR(TODAY()),2),UPPER(E14)&"-"&UPPER(SUBSTITUTE(LEFT(TRIM(C14),15)," ","-"))&"-"&TEXT(MONTH(TODAY()),"MMM")&RIGHT(YEAR(TODAY()),2))) | R14: =COUNTIFS('🎨 Creatives'!$B$4:$B$103,B14,'🎨 Creatives'!$E$4:$E$103,"<>")
A15: 12 | B15: =IF(C15="","",IF(E15="",UPPER(SUBSTITUTE(LEFT(TRIM(C15),20)," ","-"))&"-"&TEXT(MONTH(TODAY()),"MMM")&RIGHT(YEAR(TODAY()),2),UPPER(E15)&"-"&UPPER(SUBSTITUTE(LEFT(TRIM(C15),15)," ","-"))&"-"&TEXT(MONTH(TODAY()),"MMM")&RIGHT(YEAR(TODAY()),2))) | R15: =COUNTIFS('🎨 Creatives'!$B$4:$B$103,B15,'🎨 Creatives'!$E$4:$E$103,"<>")
... A103: 100 | B103: =IF(C103="","",IF(E103="",UPPER(SUBSTITUTE(LEFT(TRIM(C103),20)," ","-"))&"-"&TEXT(MONTH(TODAY()),"MMM")&RIGHT(YEAR(TODAY()),2),UPPER(E103)&"-"&UPPER(SUBSTITUTE(LEFT(TRIM(C103),15)," ","-"))&"-"&TEXT(MONTH(TODAY()),"MMM")&RIGHT(YEAR(TODAY()),2))) | R103: =COUNTIFS('🎨 Creatives'!$B$4:$B$103,B103,'🎨 Creatives'!$E$4:$E$103,"<>")

Sheet 🎨 Creatives
A1: SolidPro — Creatives Tracker (Graphic Design & Video) | FILE 1 of 2
A2: Asset ID auto-generated from Campaign ID | Asset naming: CAMPID-GD-001 / CAMPID-VD-001 | * = Mandatory
A3: S.No | B3: Campaign ID * | C3: Asset ID | D3: Vertical * | E3: Asset Name / Title * | F3: Content Type | G3: Asset Type | H3: Format / Size | I3: Platform | J3: Brief / Description | K3: Owner (Designer/Video) * | L3: Support (Copywriter) | M3: Requested By | N3: Brief Date | O3: Due Date * | P3: Post Date * | Q3: Priority | R3: Status | S3: Approved by Project Head | T3: Approved by Manager | U3: Final File Link | V3: Revision # | W3: Feedback / Notes | X3: Archived?
A4: 1 | C4: =IF(B4="","",IF(G4="",B4&"-AST-"&TEXT(1,"000"),B4&"-"&IF(G4="Graphic Design","GD",IF(G4="Video","VD",IF(G4="Motion Graphic","MG","AST")))&"-"&TEXT(1,"000")))
A5: 2 | C5: =IF(B5="","",IF(G5="",B5&"-AST-"&TEXT(2,"000"),B5&"-"&IF(G5="Graphic Design","GD",IF(G5="Video","VD",IF(G5="Motion Graphic","MG","AST")))&"-"&TEXT(2,"000")))
A6: 3 | C6: =IF(B6="","",IF(G6="",B6&"-AST-"&TEXT(3,"000"),B6&"-"&IF(G6="Graphic Design","GD",IF(G6="Video","VD",IF(G6="Motion Graphic","MG","AST")))&"-"&TEXT(3,"000")))
A7: 4 | C7: =IF(B7="","",IF(G7="",B7&"-AST-"&TEXT(4,"000"),B7&"-"&IF(G7="Graphic Design","GD",IF(G7="Video","VD",IF(G7="Motion Graphic","MG","AST")))&"-"&TEXT(4,"000")))
A8: 5 | C8: =IF(B8="","",IF(G8="",B8&"-AST-"&TEXT(5,"000"),B8&"-"&IF(G8="Graphic Design","GD",IF(G8="Video","VD",IF(G8="Motion Graphic","MG","AST")))&"-"&TEXT(5,"000")))
A9: 6 | C9: =IF(B9="","",IF(G9="",B9&"-AST-"&TEXT(6,"000"),B9&"-"&IF(G9="Graphic Design","GD",IF(G9="Video","VD",IF(G9="Motion Graphic","MG","AST")))&"-"&TEXT(6,"000")))
A10: 7 | C10: =IF(B10="","",IF(G10="",B10&"-AST-"&TEXT(7,"000"),B10&"-"&IF(G10="Graphic Design","GD",IF(G10="Video","VD",IF(G10="Motion Graphic","MG","AST")))&"-"&TEXT(7,"000")))
A11: 8 | C11: =IF(B11="","",IF(G11="",B11&"-AST-"&TEXT(8,"000"),B11&"-"&IF(G11="Graphic Design","GD",IF(G11="Video","VD",IF(G11="Motion Graphic","MG","AST")))&"-"&TEXT(8,"000")))
A12: 9 | C12: =IF(B12="","",IF(G12="",B12&"-AST-"&TEXT(9,"000"),B12&"-"&IF(G12="Graphic Design","GD",IF(G12="Video","VD",IF(G12="Motion Graphic","MG","AST")))&"-"&TEXT(9,"000")))
A13: 10 | C13: =IF(B13="","",IF(G13="",B13&"-AST-"&TEXT(10,"000"),B13&"-"&IF(G13="Graphic Design","GD",IF(G13="Video","VD",IF(G13="Motion Graphic","MG","AST")))&"-"&TEXT(10,"000")))
A14: 11 | C14: =IF(B14="","",IF(G14="",B14&"-AST-"&TEXT(11,"000"),B14&"-"&IF(G14="Graphic Design","GD",IF(G14="Video","VD",IF(G14="Motion Graphic","MG","AST")))&"-"&TEXT(11,"000")))
A15: 12 | C15: =IF(B15="","",IF(G15="",B15&"-AST-"&TEXT(12,"000"),B15&"-"&IF(G15="Graphic Design","GD",IF(G15="Video","VD",IF(G15="Motion Graphic","MG","AST")))&"-"&TEXT(12,"000")))
A16: 13 | C16: =IF(B16="","",IF(G16="",B16&"-AST-"&TEXT(13,"000"),B16&"-"&IF(G16="Graphic Design","GD",IF(G16="Video","VD",IF(G16="Motion Graphic","MG","AST")))&"-"&TEXT(13,"000")))
A17: 14 | C17: =IF(B17="","",IF(G17="",B17&"-AST-"&TEXT(14,"000"),B17&"-"&IF(G17="Graphic Design","GD",IF(G17="Video","VD",IF(G17="Motion Graphic","MG","AST")))&"-"&TEXT(14,"000")))
A18: 15 | C18: =IF(B18="","",IF(G18="",B18&"-AST-"&TEXT(15,"000"),B18&"-"&IF(G18="Graphic Design","GD",IF(G18="Video","VD",IF(G18="Motion Graphic","MG","AST")))&"-"&TEXT(15,"000")))
A19: 16 | C19: =IF(B19="","",IF(G19="",B19&"-AST-"&TEXT(16,"000"),B19&"-"&IF(G19="Graphic Design","GD",IF(G19="Video","VD",IF(G19="Motion Graphic","MG","AST")))&"-"&TEXT(16,"000")))
A20: 17 | C20: =IF(B20="","",IF(G20="",B20&"-AST-"&TEXT(17,"000"),B20&"-"&IF(G20="Graphic Design","GD",IF(G20="Video","VD",IF(G20="Motion Graphic","MG","AST")))&"-"&TEXT(17,"000")))
A21: 18 | C21: =IF(B21="","",IF(G21="",B21&"-AST-"&TEXT(18,"000"),B21&"-"&IF(G21="Graphic Design","GD",IF(G21="Video","VD",IF(G21="Motion Graphic","MG","AST")))&"-"&TEXT(18,"000")))
A22: 19 | C22: =IF(B22="","",IF(G22="",B22&"-AST-"&TEXT(19,"000"),B22&"-"&IF(G22="Graphic Design","GD",IF(G22="Video","VD",IF(G22="Motion Graphic","MG","AST")))&"-"&TEXT(19,"000")))
A23: 20 | C23: =IF(B23="","",IF(G23="",B23&"-AST-"&TEXT(20,"000"),B23&"-"&IF(G23="Graphic Design","GD",IF(G23="Video","VD",IF(G23="Motion Graphic","MG","AST")))&"-"&TEXT(20,"000")))
A24: 21 | C24: =IF(B24="","",IF(G24="",B24&"-AST-"&TEXT(21,"000"),B24&"-"&IF(G24="Graphic Design","GD",IF(G24="Video","VD",IF(G24="Motion Graphic","MG","AST")))&"-"&TEXT(21,"000")))
A25: 22 | C25: =IF(B25="","",IF(G25="",B25&"-AST-"&TEXT(22,"000"),B25&"-"&IF(G25="Graphic Design","GD",IF(G25="Video","VD",IF(G25="Motion Graphic","MG","AST")))&"-"&TEXT(22,"000")))
A26: 23 | C26: =IF(B26="","",IF(G26="",B26&"-AST-"&TEXT(23,"000"),B26&"-"&IF(G26="Graphic Design","GD",IF(G26="Video","VD",IF(G26="Motion Graphic","MG","AST")))&"-"&TEXT(23,"000")))
A27: 24 | C27: =IF(B27="","",IF(G27="",B27&"-AST-"&TEXT(24,"000"),B27&"-"&IF(G27="Graphic Design","GD",IF(G27="Video","VD",IF(G27="Motion Graphic","MG","AST")))&"-"&TEXT(24,"000")))
A28: 25 | C28: =IF(B28="","",IF(G28="",B28&"-AST-"&TEXT(25,"000"),B28&"-"&IF(G28="Graphic Design","GD",IF(G28="Video","VD",IF(G28="Motion Graphic","MG","AST")))&"-"&TEXT(25,"000")))
A29: 26 | C29: =IF(B29="","",IF(G29="",B29&"-AST-"&TEXT(26,"000"),B29&"-"&IF(G29="Graphic Design","GD",IF(G29="Video","VD",IF(G29="Motion Graphic","MG","AST")))&"-"&TEXT(26,"000")))
A30: 27 | C30: =IF(B30="","",IF(G30="",B30&"-AST-"&TEXT(27,"000"),B30&"-"&IF(G30="Graphic Design","GD",IF(G30="Video","VD",IF(G30="Motion Graphic","MG","AST")))&"-"&TEXT(27,"000")))
A31: 28 | C31: =IF(B31="","",IF(G31="",B31&"-AST-"&TEXT(28,"000"),B31&"-"&IF(G31="Graphic Design","GD",IF(G31="Video","VD",IF(G31="Motion Graphic","MG","AST")))&"-"&TEXT(28,"000")))
A32: 29 | C32: =IF(B32="","",IF(G32="",B32&"-AST-"&TEXT(29,"000"),B32&"-"&IF(G32="Graphic Design","GD",IF(G32="Video","VD",IF(G32="Motion Graphic","MG","AST")))&"-"&TEXT(29,"000")))
A33: 30 | C33: =IF(B33="","",IF(G33="",B33&"-AST-"&TEXT(30,"000"),B33&"-"&IF(G33="Graphic Design","GD",IF(G33="Video","VD",IF(G33="Motion Graphic","MG","AST")))&"-"&TEXT(30,"000")))
A34: 31 | C34: =IF(B34="","",IF(G34="",B34&"-AST-"&TEXT(31,"000"),B34&"-"&IF(G34="Graphic Design","GD",IF(G34="Video","VD",IF(G34="Motion Graphic","MG","AST")))&"-"&TEXT(31,"000")))
A35: 32 | C35: =IF(B35="","",IF(G35="",B35&"-AST-"&TEXT(32,"000"),B35&"-"&IF(G35="Graphic Design","GD",IF(G35="Video","VD",IF(G35="Motion Graphic","MG","AST")))&"-"&TEXT(32,"000")))
A36: 33 | C36: =IF(B36="","",IF(G36="",B36&"-AST-"&TEXT(33,"000"),B36&"-"&IF(G36="Graphic Design","GD",IF(G36="Video","VD",IF(G36="Motion Graphic","MG","AST")))&"-"&TEXT(33,"000")))
A37: 34 | C37: =IF(B37="","",IF(G37="",B37&"-AST-"&TEXT(34,"000"),B37&"-"&IF(G37="Graphic Design","GD",IF(G37="Video","VD",IF(G37="Motion Graphic","MG","AST")))&"-"&TEXT(34,"000")))
A38: 35 | C38: =IF(B38="","",IF(G38="",B38&"-AST-"&TEXT(35,"000"),B38&"-"&IF(G38="Graphic Design","GD",IF(G38="Video","VD",IF(G38="Motion Graphic","MG","AST")))&"-"&TEXT(35,"000")))
A39: 36 | C39: =IF(B39="","",IF(G39="",B39&"-AST-"&TEXT(36,"000"),B39&"-"&IF(G39="Graphic Design","GD",IF(G39="Video","VD",IF(G39="Motion Graphic","MG","AST")))&"-"&TEXT(36,"000")))
A40: 37 | C40: =IF(B40="","",IF(G40="",B40&"-AST-"&TEXT(37,"000"),B40&"-"&IF(G40="Graphic Design","GD",IF(G40="Video","VD",IF(G40="Motion Graphic","MG","AST")))&"-"&TEXT(37,"000")))
A41: 38 | C41: =IF(B41="","",IF(G41="",B41&"-AST-"&TEXT(38,"000"),B41&"-"&IF(G41="Graphic Design","GD",IF(G41="Video","VD",IF(G41="Motion Graphic","MG","AST")))&"-"&TEXT(38,"000")))
A42: 39 | C42: =IF(B42="","",IF(G42="",B42&"-AST-"&TEXT(39,"000"),B42&"-"&IF(G42="Graphic Design","GD",IF(G42="Video","VD",IF(G42="Motion Graphic","MG","AST")))&"-"&TEXT(39,"000")))
A43: 40 | C43: =IF(B43="","",IF(G43="",B43&"-AST-"&TEXT(40,"000"),B43&"-"&IF(G43="Graphic Design","GD",IF(G43="Video","VD",IF(G43="Motion Graphic","MG","AST")))&"-"&TEXT(40,"000")))
A44: 41 | C44: =IF(B44="","",IF(G44="",B44&"-AST-"&TEXT(41,"000"),B44&"-"&IF(G44="Graphic Design","GD",IF(G44="Video","VD",IF(G44="Motion Graphic","MG","AST")))&"-"&TEXT(41,"000")))
A45: 42 | C45: =IF(B45="","",IF(G45="",B45&"-AST-"&TEXT(42,"000"),B45&"-"&IF(G45="Graphic Design","GD",IF(G45="Video","VD",IF(G45="Motion Graphic","MG","AST")))&"-"&TEXT(42,"000")))
A46: 43 | C46: =IF(B46="","",IF(G46="",B46&"-AST-"&TEXT(43,"000"),B46&"-"&IF(G46="Graphic Design","GD",IF(G46="Video","VD",IF(G46="Motion Graphic","MG","AST")))&"-"&TEXT(43,"000")))
A47: 44 | C47: =IF(B47="","",IF(G47="",B47&"-AST-"&TEXT(44,"000"),B47&"-"&IF(G47="Graphic Design","GD",IF(G47="Video","VD",IF(G47="Motion Graphic","MG","AST")))&"-"&TEXT(44,"000")))
A48: 45 | C48: =IF(B48="","",IF(G48="",B48&"-AST-"&TEXT(45,"000"),B48&"-"&IF(G48="Graphic Design","GD",IF(G48="Video","VD",IF(G48="Motion Graphic","MG","AST")))&"-"&TEXT(45,"000")))
A49: 46 | C49: =IF(B49="","",IF(G49="",B49&"-AST-"&TEXT(46,"000"),B49&"-"&IF(G49="Graphic Design","GD",IF(G49="Video","VD",IF(G49="Motion Graphic","MG","AST")))&"-"&TEXT(46,"000")))
A50: 47 | C50: =IF(B50="","",IF(G50="",B50&"-AST-"&TEXT(47,"000"),B50&"-"&IF(G50="Graphic Design","GD",IF(G50="Video","VD",IF(G50="Motion Graphic","MG","AST")))&"-"&TEXT(47,"000")))
A51: 48 | C51: =IF(B51="","",IF(G51="",B51&"-AST-"&TEXT(48,"000"),B51&"-"&IF(G51="Graphic Design","GD",IF(G51="Video","VD",IF(G51="Motion Graphic","MG","AST")))&"-"&TEXT(48,"000")))
A52: 49 | C52: =IF(B52="","",IF(G52="",B52&"-AST-"&TEXT(49,"000"),B52&"-"&IF(G52="Graphic Design","GD",IF(G52="Video","VD",IF(G52="Motion Graphic","MG","AST")))&"-"&TEXT(49,"000")))
A53: 50 | C53: =IF(B53="","",IF(G53="",B53&"-AST-"&TEXT(50,"000"),B53&"-"&IF(G53="Graphic Design","GD",IF(G53="Video","VD",IF(G53="Motion Graphic","MG","AST")))&"-"&TEXT(50,"000")))
A54: 51 | C54: =IF(B54="","",IF(G54="",B54&"-AST-"&TEXT(51,"000"),B54&"-"&IF(G54="Graphic Design","GD",IF(G54="Video","VD",IF(G54="Motion Graphic","MG","AST")))&"-"&TEXT(51,"000")))
A55: 52 | C55: =IF(B55="","",IF(G55="",B55&"-AST-"&TEXT(52,"000"),B55&"-"&IF(G55="Graphic Design","GD",IF(G55="Video","VD",IF(G55="Motion Graphic","MG","AST")))&"-"&TEXT(52,"000")))
A56: 53 | C56: =IF(B56="","",IF(G56="",B56&"-AST-"&TEXT(53,"000"),B56&"-"&IF(G56="Graphic Design","GD",IF(G56="Video","VD",IF(G56="Motion Graphic","MG","AST")))&"-"&TEXT(53,"000")))
A57: 54 | C57: =IF(B57="","",IF(G57="",B57&"-AST-"&TEXT(54,"000"),B57&"-"&IF(G57="Graphic Design","GD",IF(G57="Video","VD",IF(G57="Motion Graphic","MG","AST")))&"-"&TEXT(54,"000")))
A58: 55 | C58: =IF(B58="","",IF(G58="",B58&"-AST-"&TEXT(55,"000"),B58&"-"&IF(G58="Graphic Design","GD",IF(G58="Video","VD",IF(G58="Motion Graphic","MG","AST")))&"-"&TEXT(55,"000")))
A59: 56 | C59: =IF(B59="","",IF(G59="",B59&"-AST-"&TEXT(56,"000"),B59&"-"&IF(G59="Graphic Design","GD",IF(G59="Video","VD",IF(G59="Motion Graphic","MG","AST")))&"-"&TEXT(56,"000")))
A60: 57 | C60: =IF(B60="","",IF(G60="",B60&"-AST-"&TEXT(57,"000"),B60&"-"&IF(G60="Graphic Design","GD",IF(G60="Video","VD",IF(G60="Motion Graphic","MG","AST")))&"-"&TEXT(57,"000")))
A61: 58 | C61: =IF(B61="","",IF(G61="",B61&"-AST-"&TEXT(58,"000"),B61&"-"&IF(G61="Graphic Design","GD",IF(G61="Video","VD",IF(G61="Motion Graphic","MG","AST")))&"-"&TEXT(58,"000")))
A62: 59 | C62: =IF(B62="","",IF(G62="",B62&"-AST-"&TEXT(59,"000"),B62&"-"&IF(G62="Graphic Design","GD",IF(G62="Video","VD",IF(G62="Motion Graphic","MG","AST")))&"-"&TEXT(59,"000")))
A63: 60 | C63: =IF(B63="","",IF(G63="",B63&"-AST-"&TEXT(60,"000"),B63&"-"&IF(G63="Graphic Design","GD",IF(G63="Video","VD",IF(G63="Motion Graphic","MG","AST")))&"-"&TEXT(60,"000")))
A64: 61 | C64: =IF(B64="","",IF(G64="",B64&"-AST-"&TEXT(61,"000"),B64&"-"&IF(G64="Graphic Design","GD",IF(G64="Video","VD",IF(G64="Motion Graphic","MG","AST")))&"-"&TEXT(61,"000")))
A65: 62 | C65: =IF(B65="","",IF(G65="",B65&"-AST-"&TEXT(62,"000"),B65&"-"&IF(G65="Graphic Design","GD",IF(G65="Video","VD",IF(G65="Motion Graphic","MG","AST")))&"-"&TEXT(62,"000")))
A66: 63 | C66: =IF(B66="","",IF(G66="",B66&"-AST-"&TEXT(63,"000"),B66&"-"&IF(G66="Graphic Design","GD",IF(G66="Video","VD",IF(G66="Motion Graphic","MG","AST")))&"-"&TEXT(63,"000")))
A67: 64 | C67: =IF(B67="","",IF(G67="",B67&"-AST-"&TEXT(64,"000"),B67&"-"&IF(G67="Graphic Design","GD",IF(G67="Video","VD",IF(G67="Motion Graphic","MG","AST")))&"-"&TEXT(64,"000")))
A68: 65 | C68: =IF(B68="","",IF(G68="",B68&"-AST-"&TEXT(65,"000"),B68&"-"&IF(G68="Graphic Design","GD",IF(G68="Video","VD",IF(G68="Motion Graphic","MG","AST")))&"-"&TEXT(65,"000")))
A69: 66 | C69: =IF(B69="","",IF(G69="",B69&"-AST-"&TEXT(66,"000"),B69&"-"&IF(G69="Graphic Design","GD",IF(G69="Video","VD",IF(G69="Motion Graphic","MG","AST")))&"-"&TEXT(66,"000")))
A70: 67 | C70: =IF(B70="","",IF(G70="",B70&"-AST-"&TEXT(67,"000"),B70&"-"&IF(G70="Graphic Design","GD",IF(G70="Video","VD",IF(G70="Motion Graphic","MG","AST")))&"-"&TEXT(67,"000")))
A71: 68 | C71: =IF(B71="","",IF(G71="",B71&"-AST-"&TEXT(68,"000"),B71&"-"&IF(G71="Graphic Design","GD",IF(G71="Video","VD",IF(G71="Motion Graphic","MG","AST")))&"-"&TEXT(68,"000")))
A72: 69 | C72: =IF(B72="","",IF(G72="",B72&"-AST-"&TEXT(69,"000"),B72&"-"&IF(G72="Graphic Design","GD",IF(G72="Video","VD",IF(G72="Motion Graphic","MG","AST")))&"-"&TEXT(69,"000")))
A73: 70 | C73: =IF(B73="","",IF(G73="",B73&"-AST-"&TEXT(70,"000"),B73&"-"&IF(G73="Graphic Design","GD",IF(G73="Video","VD",IF(G73="Motion Graphic","MG","AST")))&"-"&TEXT(70,"000")))
A74: 71 | C74: =IF(B74="","",IF(G74="",B74&"-AST-"&TEXT(71,"000"),B74&"-"&IF(G74="Graphic Design","GD",IF(G74="Video","VD",IF(G74="Motion Graphic","MG","AST")))&"-"&TEXT(71,"000")))
A75: 72 | C75: =IF(B75="","",IF(G75="",B75&"-AST-"&TEXT(72,"000"),B75&"-"&IF(G75="Graphic Design","GD",IF(G75="Video","VD",IF(G75="Motion Graphic","MG","AST")))&"-"&TEXT(72,"000")))
A76: 73 | C76: =IF(B76="","",IF(G76="",B76&"-AST-"&TEXT(73,"000"),B76&"-"&IF(G76="Graphic Design","GD",IF(G76="Video","VD",IF(G76="Motion Graphic","MG","AST")))&"-"&TEXT(73,"000")))
A77: 74 | C77: =IF(B77="","",IF(G77="",B77&"-AST-"&TEXT(74,"000"),B77&"-"&IF(G77="Graphic Design","GD",IF(G77="Video","VD",IF(G77="Motion Graphic","MG","AST")))&"-"&TEXT(74,"000")))
A78: 75 | C78: =IF(B78="","",IF(G78="",B78&"-AST-"&TEXT(75,"000"),B78&"-"&IF(G78="Graphic Design","GD",IF(G78="Video","VD",IF(G78="Motion Graphic","MG","AST")))&"-"&TEXT(75,"000")))
A79: 76 | C79: =IF(B79="","",IF(G79="",B79&"-AST-"&TEXT(76,"000"),B79&"-"&IF(G79="Graphic Design","GD",IF(G79="Video","VD",IF(G79="Motion Graphic","MG","AST")))&"-"&TEXT(76,"000")))
A80: 77 | C80: =IF(B80="","",IF(G80="",B80&"-AST-"&TEXT(77,"000"),B80&"-"&IF(G80="Graphic Design","GD",IF(G80="Video","VD",IF(G80="Motion Graphic","MG","AST")))&"-"&TEXT(77,"000")))
A81: 78 | C81: =IF(B81="","",IF(G81="",B81&"-AST-"&TEXT(78,"000"),B81&"-"&IF(G81="Graphic Design","GD",IF(G81="Video","VD",IF(G81="Motion Graphic","MG","AST")))&"-"&TEXT(78,"000")))
A82: 79 | C82: =IF(B82="","",IF(G82="",B82&"-AST-"&TEXT(79,"000"),B82&"-"&IF(G82="Graphic Design","GD",IF(G82="Video","VD",IF(G82="Motion Graphic","MG","AST")))&"-"&TEXT(79,"000")))
A83: 80 | C83: =IF(B83="","",IF(G83="",B83&"-AST-"&TEXT(80,"000"),B83&"-"&IF(G83="Graphic Design","GD",IF(G83="Video","VD",IF(G83="Motion Graphic","MG","AST")))&"-"&TEXT(80,"000")))
A84: 81 | C84: =IF(B84="","",IF(G84="",B84&"-AST-"&TEXT(81,"000"),B84&"-"&IF(G84="Graphic Design","GD",IF(G84="Video","VD",IF(G84="Motion Graphic","MG","AST")))&"-"&TEXT(81,"000")))
A85: 82 | C85: =IF(B85="","",IF(G85="",B85&"-AST-"&TEXT(82,"000"),B85&"-"&IF(G85="Graphic Design","GD",IF(G85="Video","VD",IF(G85="Motion Graphic","MG","AST")))&"-"&TEXT(82,"000")))
A86: 83 | C86: =IF(B86="","",IF(G86="",B86&"-AST-"&TEXT(83,"000"),B86&"-"&IF(G86="Graphic Design","GD",IF(G86="Video","VD",IF(G86="Motion Graphic","MG","AST")))&"-"&TEXT(83,"000")))
A87: 84 | C87: =IF(B87="","",IF(G87="",B87&"-AST-"&TEXT(84,"000"),B87&"-"&IF(G87="Graphic Design","GD",IF(G87="Video","VD",IF(G87="Motion Graphic","MG","AST")))&"-"&TEXT(84,"000")))
A88: 85 | C88: =IF(B88="","",IF(G88="",B88&"-AST-"&TEXT(85,"000"),B88&"-"&IF(G88="Graphic Design","GD",IF(G88="Video","VD",IF(G88="Motion Graphic","MG","AST")))&"-"&TEXT(85,"000")))
A89: 86 | C89: =IF(B89="","",IF(G89="",B89&"-AST-"&TEXT(86,"000"),B89&"-"&IF(G89="Graphic Design","GD",IF(G89="Video","VD",IF(G89="Motion Graphic","MG","AST")))&"-"&TEXT(86,"000")))
A90: 87 | C90: =IF(B90="","",IF(G90="",B90&"-AST-"&TEXT(87,"000"),B90&"-"&IF(G90="Graphic Design","GD",IF(G90="Video","VD",IF(G90="Motion Graphic","MG","AST")))&"-"&TEXT(87,"000")))
A91: 88 | C91: =IF(B91="","",IF(G91="",B91&"-AST-"&TEXT(88,"000"),B91&"-"&IF(G91="Graphic Design","GD",IF(G91="Video","VD",IF(G91="Motion Graphic","MG","AST")))&"-"&TEXT(88,"000")))
A92: 89 | C92: =IF(B92="","",IF(G92="",B92&"-AST-"&TEXT(89,"000"),B92&"-"&IF(G92="Graphic Design","GD",IF(G92="Video","VD",IF(G92="Motion Graphic","MG","AST")))&"-"&TEXT(89,"000")))
A93: 90 | C93: =IF(B93="","",IF(G93="",B93&"-AST-"&TEXT(90,"000"),B93&"-"&IF(G93="Graphic Design","GD",IF(G93="Video","VD",IF(G93="Motion Graphic","MG","AST")))&"-"&TEXT(90,"000")))
A94: 91 | C94: =IF(B94="","",IF(G94="",B94&"-AST-"&TEXT(91,"000"),B94&"-"&IF(G94="Graphic Design","GD",IF(G94="Video","VD",IF(G94="Motion Graphic","MG","AST")))&"-"&TEXT(91,"000")))
A95: 92 | C95: =IF(B95="","",IF(G95="",B95&"-AST-"&TEXT(92,"000"),B95&"-"&IF(G95="Graphic Design","GD",IF(G95="Video","VD",IF(G95="Motion Graphic","MG","AST")))&"-"&TEXT(92,"000")))
A96: 93 | C96: =IF(B96="","",IF(G96="",B96&"-AST-"&TEXT(93,"000"),B96&"-"&IF(G96="Graphic Design","GD",IF(G96="Video","VD",IF(G96="Motion Graphic","MG","AST")))&"-"&TEXT(93,"000")))
A97: 94 | C97: =IF(B97="","",IF(G97="",B97&"-AST-"&TEXT(94,"000"),B97&"-"&IF(G97="Graphic Design","GD",IF(G97="Video","VD",IF(G97="Motion Graphic","MG","AST")))&"-"&TEXT(94,"000")))
A98: 95 | C98: =IF(B98="","",IF(G98="",B98&"-AST-"&TEXT(95,"000"),B98&"-"&IF(G98="Graphic Design","GD",IF(G98="Video","VD",IF(G98="Motion Graphic","MG","AST")))&"-"&TEXT(95,"000")))
A99: 96 | C99: =IF(B99="","",IF(G99="",B99&"-AST-"&TEXT(96,"000"),B99&"-"&IF(G99="Graphic Design","GD",IF(G99="Video","VD",IF(G99="Motion Graphic","MG","AST")))&"-"&TEXT(96,"000")))
A100: 97 | C100: =IF(B100="","",IF(G100="",B100&"-AST-"&TEXT(97,"000"),B100&"-"&IF(G100="Graphic Design","GD",IF(G100="Video","VD",IF(G100="Motion Graphic","MG","AST")))&"-"&TEXT(97,"000")))
...

Sheet 📣 Ad Copy
A1: SolidPro — Ad Copy Tracker | FILE 1 of 2
A2: Asset ID format: CAMPID-AD-001 | Link Destination URL and Creative ID before publishing | * = Mandatory
A3: S.No | B3: Campaign ID * | C3: Asset ID | D3: Vertical * | E3: Ad Name / Title * | F3: Ad Platform | G3: Ad Format | H3: Ad Objective | I3: Headline 1 | J3: Headline 2 | K3: Body Copy | L3: CTA Text | M3: Destination URL | N3: Linked Creative ID | O3: Audience Targeting | P3: Budget (INR) | Q3: Run Start Date | R3: Run End Date | S3: UTM Parameters | T3: Owner * | U3: Due Date * | V3: Priority | W3: Status | X3: Approved by Project Head | Y3: Approved by Manager | Z3: Notes
A4: 1 | C4: =IF(B4="","",B4&"-AD-"&TEXT(1,"000"))
A5: 2 | C5: =IF(B5="","",B5&"-AD-"&TEXT(2,"000"))
A6: 3 | C6: =IF(B6="","",B6&"-AD-"&TEXT(3,"000"))
A7: 4 | C7: =IF(B7="","",B7&"-AD-"&TEXT(4,"000"))
A8: 5 | C8: =IF(B8="","",B8&"-AD-"&TEXT(5,"000"))
A9: 6 | C9: =IF(B9="","",B9&"-AD-"&TEXT(6,"000"))
A10: 7 | C10: =IF(B10="","",B10&"-AD-"&TEXT(7,"000"))
A11: 8 | C11: =IF(B11="","",B11&"-AD-"&TEXT(8,"000"))
A12: 9 | C12: =IF(B12="","",B12&"-AD-"&TEXT(9,"000"))
A13: 10 | C13: =IF(B13="","",B13&"-AD-"&TEXT(10,"000"))
A14: 11 | C14: =IF(B14="","",B14&"-AD-"&TEXT(11,"000"))
A15: 12 | C15: =IF(B15="","",B15&"-AD-"&TEXT(12,"000"))
A16: 13 | C16: =IF(B16="","",B16&"-AD-"&TEXT(13,"000"))
A17: 14 | C17: =IF(B17="","",B17&"-AD-"&TEXT(14,"000"))
A18: 15 | C18: =IF(B18="","",B18&"-AD-"&TEXT(15,"000"))
A19: 16 | C19: =IF(B19="","",B19&"-AD-"&TEXT(16,"000"))
A20: 17 | C20: =IF(B20="","",B20&"-AD-"&TEXT(17,"000"))
A21: 18 | C21: =IF(B21="","",B21&"-AD-"&TEXT(18,"000"))
A22: 19 | C22: =IF(B22="","",B22&"-AD-"&TEXT(19,"000"))
A23: 20 | C23: =IF(B23="","",B23&"-AD-"&TEXT(20,"000"))
A24: 21 | C24: =IF(B24="","",B24&"-AD-"&TEXT(21,"000"))
A25: 22 | C25: =IF(B25="","",B25&"-AD-"&TEXT(22,"000"))
A26: 23 | C26: =IF(B26="","",B26&"-AD-"&TEXT(23,"000"))
A27: 24 | C27: =IF(B27="","",B27&"-AD-"&TEXT(24,"000"))
A28: 25 | C28: =IF(B28="","",B28&"-AD-"&TEXT(25,"000"))
A29: 26 | C29: =IF(B29="","",B29&"-AD-"&TEXT(26,"000"))
A30: 27 | C30: =IF(B30="","",B30&"-AD-"&TEXT(27,"000"))
A31: 28 | C31: =IF(B31="","",B31&"-AD-"&TEXT(28,"000"))
A32: 29 | C32: =IF(B32="","",B32&"-AD-"&TEXT(29,"000"))
A33: 30 | C33: =IF(B33="","",B33&"-AD-"&TEXT(30,"000"))
A34: 31 | C34: =IF(B34="","",B34&"-AD-"&TEXT(31,"000"))
A35: 32 | C35: =IF(B35="","",B35&"-AD-"&TEXT(32,"000"))
A36: 33 | C36: =IF(B36="","",B36&"-AD-"&TEXT(33,"000"))
A37: 34 | C37: =IF(B37="","",B37&"-AD-"&TEXT(34,"000"))
A38: 35 | C38: =IF(B38="","",B38&"-AD-"&TEXT(35,"000"))
A39: 36 | C39: =IF(B39="","",B39&"-AD-"&TEXT(36,"000"))
A40: 37 | C40: =IF(B40="","",B40&"-AD-"&TEXT(37,"000"))
A41: 38 | C41: =IF(B41="","",B41&"-AD-"&TEXT(38,"000"))
A42: 39 | C42: =IF(B42="","",B42&"-AD-"&TEXT(39,"000"))
A43: 40 | C43: =IF(B43="","",B43&"-AD-"&TEXT(40,"000"))
A44: 41 | C44: =IF(B44="","",B44&"-AD-"&TEXT(41,"000"))
A45: 42 | C45: =IF(B45="","",B45&"-AD-"&TEXT(42,"000"))
A46: 43 | C46: =IF(B46="","",B46&"-AD-"&TEXT(43,"000"))
A47: 44 | C47: =IF(B47="","",B47&"-AD-"&TEXT(44,"000"))
A48: 45 | C48: =IF(B48="","",B48&"-AD-"&TEXT(45,"000"))
A49: 46 | C49: =IF(B49="","",B49&"-AD-"&TEXT(46,"000"))
A50: 47 | C50: =IF(B50="","",B50&"-AD-"&TEXT(47,"000"))
A51: 48 | C51: =IF(B51="","",B51&"-AD-"&TEXT(48,"000"))
A52: 49 | C52: =IF(B52="","",B52&"-AD-"&TEXT(49,"000"))
A53: 50 | C53: =IF(B53="","",B53&"-AD-"&TEXT(50,"000"))
A54: 51 | C54: =IF(B54="","",B54&"-AD-"&TEXT(51,"000"))
A55: 52 | C55: =IF(B55="","",B55&"-AD-"&TEXT(52,"000"))
A56: 53 | C56: =IF(B56="","",B56&"-AD-"&TEXT(53,"000"))
A57: 54 | C57: =IF(B57="","",B57&"-AD-"&TEXT(54,"000"))
A58: 55 | C58: =IF(B58="","",B58&"-AD-"&TEXT(55,"000"))
A59: 56 | C59: =IF(B59="","",B59&"-AD-"&TEXT(56,"000"))
A60: 57 | C60: =IF(B60="","",B60&"-AD-"&TEXT(57,"000"))
A61: 58 | C61: =IF(B61="","",B61&"-AD-"&TEXT(58,"000"))
A62: 59 | C62: =IF(B62="","",B62&"-AD-"&TEXT(59,"000"))
A63: 60 | C63: =IF(B63="","",B63&"-AD-"&TEXT(60,"000"))
A64: 61 | C64: =IF(B64="","",B64&"-AD-"&TEXT(61,"000"))
A65: 62 | C65: =IF(B65="","",B65&"-AD-"&TEXT(62,"000"))
A66: 63 | C66: =IF(B66="","",B66&"-AD-"&TEXT(63,"000"))
A67: 64 | C67: =IF(B67="","",B67&"-AD-"&TEXT(64,"000"))
A68: 65 | C68: =IF(B68="","",B68&"-AD-"&TEXT(65,"000"))
A69: 66 | C69: =IF(B69="","",B69&"-AD-"&TEXT(66,"000"))
A70: 67 | C70: =IF(B70="","",B70&"-AD-"&TEXT(67,"000"))
A71: 68 | C71: =IF(B71="","",B71&"-AD-"&TEXT(68,"000"))
A72: 69 | C72: =IF(B72="","",B72&"-AD-"&TEXT(69,"000"))
A73: 70 | C73: =IF(B73="","",B73&"-AD-"&TEXT(70,"000"))
A74: 71 | C74: =IF(B74="","",B74&"-AD-"&TEXT(71,"000"))
A75: 72 | C75: =IF(B75="","",B75&"-AD-"&TEXT(72,"000"))
A76: 73 | C76: =IF(B76="","",B76&"-AD-"&TEXT(73,"000"))
A77: 74 | C77: =IF(B77="","",B77&"-AD-"&TEXT(74,"000"))
A78: 75 | C78: =IF(B78="","",B78&"-AD-"&TEXT(75,"000"))
A79: 76 | C79: =IF(B79="","",B79&"-AD-"&TEXT(76,"000"))
A80: 77 | C80: =IF(B80="","",B80&"-AD-"&TEXT(77,"000"))
A81: 78 | C81: =IF(B81="","",B81&"-AD-"&TEXT(78,"000"))
A82: 79 | C82: =IF(B82="","",B82&"-AD-"&TEXT(79,"000"))
A83: 80 | C83: =IF(B83="","",B83&"-AD-"&TEXT(80,"000"))
A84: 81 | C84: =IF(B84="","",B84&"-AD-"&TEXT(81,"000"))
A85: 82 | C85: =IF(B85="","",B85&"-AD-"&TEXT(82,"000"))
A86: 83 | C86: =IF(B86="","",B86&"-AD-"&TEXT(83,"000"))
A87: 84 | C87: =IF(B87="","",B87&"-AD-"&TEXT(84,"000"))
A88: 85 | C88: =IF(B88="","",B88&"-AD-"&TEXT(85,"000"))
A89: 86 | C89: =IF(B89="","",B89&"-AD-"&TEXT(86,"000"))
A90: 87 | C90: =IF(B90="","",B90&"-AD-"&TEXT(87,"000"))
A91: 88 | C91: =IF(B91="","",B91&"-AD-"&TEXT(88,"000"))
A92: 89 | C92: =IF(B92="","",B92&"-AD-"&TEXT(89,"000"))
A93: 90 | C93: =IF(B93="","",B93&"-AD-"&TEXT(90,"000"))
A94: 91 | C94: =IF(B94="","",B94&"-AD-"&TEXT(91,"000"))
A95: 92 | C95: =IF(B95="","",B95&"-AD-"&TEXT(92,"000"))
A96: 93 | C96: =IF(B96="","",B96&"-AD-"&TEXT(93,"000"))
A97: 94 | C97: =IF(B97="","",B97&"-AD-"&TEXT(94,"000"))
A98: 95 | C98: =IF(B98="","",B98&"-AD-"&TEXT(95,"000"))
A99: 96 | C99: =IF(B99="","",B99&"-AD-"&TEXT(96,"000"))
A100: 97 | C100: =IF(B100="","",B100&"-AD-"&TEXT(97,"000"))
...

Sheet 📊 Dashboard
A1: SolidPro — Campaign + Creatives Dashboard (File 1 of 2)
A2: Auto-calculated | Press Ctrl+Alt+F9 to force refresh all formulas
A4: Campaigns by Status | D4: Count
A5: 🗓 Planning | D5: =COUNTIF('🗂 Campaign Master'!O4:O103,"*Planning*")
A6: 🚀 Active | D6: =COUNTIF('🗂 Campaign Master'!O4:O103,"*Active*")
A7: ✅ Completed | D7: =COUNTIF('🗂 Campaign Master'!O4:O103,"*Completed*")
A8: ⏸ Paused | D8: =COUNTIF('🗂 Campaign Master'!O4:O103,"*Paused*")
A9: ❌ Cancelled | D9: =COUNTIF('🗂 Campaign Master'!O4:O103,"*Cancelled*")
A12: Creatives by Status | D12: Count
A13: 📋 Briefed | D13: =COUNTIF('🎨 Creatives'!R4:R103,"*Briefed*")
A14: ✍ In Progress | D14: =COUNTIF('🎨 Creatives'!R4:R103,"*Progress*")
A15: 🔁 In Revision | D15: =COUNTIF('🎨 Creatives'!R4:R103,"*Revision*")
A16: ✅ Approved – PH | D16: =COUNTIF('🎨 Creatives'!R4:R103,"*Approved by Project Head*")
A17: ✅ Approved – Manager | D17: =COUNTIF('🎨 Creatives'!R4:R103,"*Approved by Manager*")
A18: 🚀 Published | D18: =COUNTIF('🎨 Creatives'!R4:R103,"*Published*")
A19: ⏸ On Hold | D19: =COUNTIF('🎨 Creatives'!R4:R103,"*On Hold*")
A20: ❌ Cancelled | D20: =COUNTIF('🎨 Creatives'!R4:R103,"*Cancelled*")
A23: Campaigns by Vertical | D23: Count
A24: Digital Transformation | D24: =COUNTIF('🗂 Campaign Master'!D4:D103,"*Digital Transformation*")
A25: Industrial Goods & Consumer Products | D25: =COUNTIF('🗂 Campaign Master'!D4:D103,"*Industrial Goods & Consumer Products*")
A26: Structural Engineering | D26: =COUNTIF('🗂 Campaign Master'!D4:D103,"*Structural Engineering*")
A27: MedTech | D27: =COUNTIF('🗂 Campaign Master'!D4:D103,"*MedTech*")
A28: Energy & Utilities | D28: =COUNTIF('🗂 Campaign Master'!D4:D103,"*Energy & Utilities*")
A29: Sustainability | D29: =COUNTIF('🗂 Campaign Master'!D4:D103,"*Sustainability*")
A30: BFSI | D30: =COUNTIF('🗂 Campaign Master'!D4:D103,"*BFSI*")
A31: Product Innovation | D31: =COUNTIF('🗂 Campaign Master'!D4:D103,"*Product Innovation*")
A32: SolidPro AI | D32: =COUNTIF('🗂 Campaign Master'!D4:D103,"*SolidPro AI*")
A33: Other | D33: =COUNTIF('🗂 Campaign Master'!D4:D103,"*Other*")
